Name,Suburb,city,Star Rating,Overall Guest rating,reviewName,count_rev
"The Beachcomber Hotel & Resort, Ascend Hotel Collection",,Toukley,5,8.5,the-beachcomber-toukley1,409
Seranin | Gordon,,Pymble,5,7.4,seranin,382
The William Inglis Mgallery By Sofitel,,Warwick Farm,5,9.0,the-william-inglis-mgallery-by-sofitel,574
Sydney Harbour YHA,Sydney CBD,Sydney,5,8.7,sydney-harbour-yha,1658
Sydney Central YHA,Sydney CBD,Sydney,5,8.2,sydney-central-yha,1335
"Meriton Suites Sussex Street, Sydney",Sydney CBD,Sydney,5,8.7,meriton-suites-sussex-street,3799
Stamford Plaza Sydney Airport Hotel & Conference Centre,Mascot,Sydney,5,7.9,stamford-plaza-sydney-airport,2502
Jervis Bay Blue - Vincentia,,Vincentia,5,9.8,jervis-bay-blue-vincentia,51
Hyatt Regency Sydney,Sydney CBD,Sydney,5,8.3,hyatt-regency-sydney,6172
Radisson Blu Plaza Hotel Sydney,Sydney CBD,Sydney,5,9.0,radisson-plaza-sydney,2772
Little National Hotel Sydney,Sydney CBD,Sydney,5,9.3,little-national-sydney-sydney,1984
Amora Hotel Jamison Sydney,Sydney CBD,Sydney,5,8.5,amora-jamison-sydney,3399
Sofitel Sydney Darling Harbour,Sydney CBD,Sydney,5,8.7,sofitel-sydney-darling-harbour,5306
Chateau Elan At The Vintage,,Pokolbin,5,8.4,chateau-elan-at-the-vintage-hunter-valley,2565
Wake Up! Sydney Central,Sydney CBD,Sydney,5,8.6,wake-up-sydney-central,1194
SKYE Suites Sydney,Sydney CBD,Sydney,5,8.9,skye-suites-sydney,1764
Sir Stamford Circular Quay,Sydney CBD,Sydney,5,8.7,sir-stamford-circular-quay,2295
Sofitel Sydney Wentworth,Sydney CBD,Sydney,5,7.9,wentworth-sydney,632
Pullman Magenta Shores Resort,,The Entrance,5,7.9,quay-west-magenta-shores,857
SKYE Hotel Suites Parramatta,Parramatta,Sydney,5,8.6,skye-suites-parramatta,2122
Hilton Sydney,Sydney CBD,Sydney,5,8.2,hilton-sydney,2782
Swissotel Sydney,Sydney CBD,Sydney,5,8.6,swissotel-sydney,2865
The Fullerton Hotel Sydney,Sydney CBD,Sydney,5,8.9,fullerton-sydney,2788
QT Sydney,Sydney CBD,Sydney,5,9.0,qtsydney,2622
QT Sydney,Sydney CBD,Sydney,5,9.0,qtsydney,2622
Larmont Sydney by Lancemore,Potts Point,Sydney,5,8.6,larmont-sydney-by-lancemore,969
Sydney Harbour Marriott Hotel at Circular Quay,Sydney CBD,Sydney,5,8.4,sydney-habour-marriott,1342
Pullman Sydney Airport,Mascot,Sydney,5,8.7,pullman-sydney-airport,701
"InterContinental Sydney, an IHG Hotel",Sydney CBD,Sydney,5,8.3,intercontinental-sydney,2134
Four Seasons Hotel Sydney,Sydney CBD,Sydney,5,9.1,four-seasons-sydney,7962
SKYE Suites Green Square,Green Square,Sydney,5,9.0,skye-suites-green-square,971
The Sebel Quay West Suites Sydney,Sydney CBD,Sydney,5,8.7,quay-west-suites-sydney,1130
Sheraton Grand Sydney Hyde Park,Sydney CBD,Sydney,5,8.9,sheraton-on-the-park-sydney,1306
Pullman Sydney Hyde Park,Sydney CBD,Sydney,5,7.8,pullman-sydney-hyde-park,1026
Harbour Rocks Hotel Sydney – MGallery by Sofitel,Sydney CBD,Sydney,5,8.2,harbour-rocks,533
"Pier One Sydney Harbour, Autograph Collection",Sydney CBD,Sydney,5,8.7,autograph-collection-pier-one-sydney-harbour,1197
The Star Grand Hotel and Residences Sydney,Pyrmont,Sydney,5,8.7,the-star-grand-residences,3878
Hawkesbury Race Club Motel,,Windsor,5,9.2,hawkesbury-race-club-motel,607
Pullman Quay Grand Sydney Harbour,Sydney CBD,Sydney,5,8.5,quay-grand-suites-sydney,930
"Kimpton Margot Sydney, an IHG Hotel",Sydney CBD,Sydney,5,8.9,kimpton-margot-sydney,111
Medusa Hotel Sydney,Darlinghurst,Sydney,5,9.0,medusa-sydney,306
Spicers Potts Point,Potts Point,Sydney,5,9.4,spicers-potts-point,323
The Branksome Hotel & Residences,Mascot,Sydney,5,8.6,the-branksome-amp-residences,1680
The Old Clare Hotel,Sydney CBD,Sydney,5,8.9,the-old-clare,645
Crystalbrook Albion,Surry Hills,Sydney,5,9.3,little-albion-guest-house-surry-hills,459
"InterContinental Sydney Double Bay, an IHG Hotel",Double Bay,Sydney,5,8.2,intercontinental-sydney-double-bay,831
The Darling at The Star,Pyrmont,Sydney,5,9.1,the-darling,1638
QT Bondi,Bondi,Sydney,5,8.7,qt-bondi,884
28 Degrees Byron Bay - Adults Only,,Byron Bay,5,9.6,28o-byron-bay,168
"InterContinental Sydney Double Bay, an IHG Hotel",Double Bay,Sydney,5,8.2,intercontinental-sydney-double-bay,831
The Darling at The Star,Pyrmont,Sydney,5,9.1,the-darling,1638
QT Bondi,Bondi,Sydney,5,8.7,qt-bondi,884
28 Degrees Byron Bay - Adults Only,,Byron Bay,5,9.6,28o-byron-bay,168
The Langham Sydney,Sydney CBD,Sydney,5,9.4,the-observatory,660
Fraser Suites Sydney,Sydney CBD,Sydney,5,8.5,fraser-suites-sydney,1401
Zara Tower – Luxury Suites and Apartments,Sydney CBD,Sydney,5,8.6,zara-tower-serviced-apartments,604
Lakeside Waterfront Apartment The Entrance,,The Entrance,5,9.2,lakeside-waterfront-apartment-18-the-entrance,154
Winston Cottage at Three Sisters,,Katoomba,5,9.6,winston-cottage,118
The Outlook Cabana,,Terrigal,5,8.9,the-outlook-cabana,88
Belle Vue- Penthouse at Black Beach,,Kiama,5,9.5,belle-vue-penthouse-at-black-beach,70
Quest Penrith,,Penrith,5,8.7,quest-penrith,520
Grafton by Gateway Lifestyle Holiday Parks,,Grafton,5,8.7,the-gateway-village,240
Adge Apartments,Surry Hills,Sydney,5,8.9,adge-apartment,185
Robyns Nest,,Merimbula,5,8.9,robyns-nest,236
Ana Mandara Luxury Bed & Breakfast,,Port Macquarie,5,9.7,ana-mandara-luxury-b-b,171
Panoramic views in luxurious brand new apartment,,Sydney,5,8.6,panoramic-views-in-luxurious-brand-new-apartment,61
Kindred Studio Apartments,,Leeton,5,9.1,kindred-studio-apartments,134
THE BERRY VIEW,,Berry,5,8.7,the-berry-view-berry,70
The Nunnery Boutique Hotel,,Moss Vale,5,9.0,the-old-nunnery-b-amp-b-moss-vale,192
Clubbe Cottage,,Burradoo,5,8.5,clubbe-cottage-bowral,85
Getaway Inn Boutique Guest house,,Nulkaba,5,7.8,getaway-inn-boutique-guest-house,176
Victoria Albert Guest House Bar Cafe and Restaurant,,Mount Victoria,5,8.4,victoria-albert-guest-house-bar-cafe-and-restaurant,258
"Meriton Suites Campbell Street, Sydney",Sydney CBD,Sydney,5,8.9,meriton-serviced-apartments-campbell-street,5384
"Meriton Suites Sussex Street, Sydney",Sydney CBD,Sydney,5,8.7,meriton-suites-sussex-street,3799
Meriton Suites Mascot Central,Mascot,Sydney,5,9.1,msa-mascot,3012
Churchill's B&B,,Swansea,5,8.8,churchill-39-s-b-amp-b-twin-spa-getaway,170
"Meriton Suites Coward Street, Mascot",Mascot,Sydney,5,9.2,meriton-suites-sydney-airport,2079
"Meriton Suites Kent Street, Sydney",Sydney CBD,Sydney,5,8.5,meriton-serviced-apartment-kent-street,7796
Meriton Suites North Ryde,North Ryde,Sydney,5,9.0,meriton-servcied-apartments-north-ryde,1871
"Meriton Suites Pitt Street, Sydney",Sydney CBD,Sydney,5,8.3,meriton-serviced-apartments-pitt-street,2044
Meriton Suites Waterloo,,Sydney,5,8.6,meriton-serviced-apartments-danks-street,2236
Meriton Suites Chatswood,Chatswood,Sydney,5,8.8,meriton-serviced-apartments-chatswood,3275
Radisson Blu Plaza Hotel Sydney,Sydney CBD,Sydney,5,9.0,radisson-plaza-sydney,2772
Meriton Suites North Sydney,North Sydney,Sydney,5,9.0,meriton-serviced-apartments-north-sydney,2900
Kindred Parkside Apartments,,Leeton,5,9.2,kindred-parkside-apartments,124
Emirates One&Only Wolgan Valley,,Newnes,5,9.1,wolgan-valley-resort,180
Meriton Suites Bondi Junction,Bondi,Sydney,5,8.4,meriton-serviced-apartments-bondi-junction,3727
SkyView Villa,,Kangaroo Valley,5,9.4,skyview-villa-kangaroo-valley,123
Meriton Suites North Sydney,North Sydney,Sydney,5,9.0,meriton-serviced-apartments-north-sydney,2900
Kindred Parkside Apartments,,Leeton,5,9.2,kindred-parkside-apartments,124
Emirates One&Only Wolgan Valley,,Newnes,5,9.1,wolgan-valley-resort,180
Meriton Suites Bondi Junction,Bondi,Sydney,5,8.4,meriton-serviced-apartments-bondi-junction,3727
SkyView Villa,,Kangaroo Valley,5,9.4,skyview-villa-kangaroo-valley,123
Shangri-La Sydney,Sydney CBD,Sydney,5,8.3,shangrila-sydney,8700
"Meriton Suites Church Street, Parramatta",Parramatta,Sydney,5,8.6,meriton-serviced-apartments-phillip-lane,3920
Spicers Guesthouse,,Pokolbin,5,9.0,spicers-guesthouse,698
Peppers Salt Resort & Spa,,Kingscliff,5,8.0,peppers-salt-resort,1997
Kindred Lodge Apartments,,Leeton,5,9.2,kindred-lodge-apartments,110
Pullman Sydney Olympic Park,Sydney Olympic Park,Sydney,5,8.3,pullman-at-sydney-olympic-park,1032
SaltBeach2302,,Kingscliff,5,9.1,saltbeach2302,143
Meriton Suites Zetland,,Sydney,5,9.0,serviced-apartments-zetland,1222
"Meriton Suites World Tower, Sydney",Sydney CBD,Sydney,5,9.0,meriton-serviced-apartments-world-tower,3033
Drifted Away,,Valla Beach,5,9.6,drifted-away,189
Powerhouse Hotel Tamworth by Rydges,,Tamworth,5,9.1,quality-powerhouse,986
The Surf Yamba,,Yamba,5,9.6,the-surf-yamba,109
Tonic Hotel,,Lovedale,5,8.8,tonic,133
Crystalbrook Kingsley,,Newcastle,5,8.5,crystalbrook-kingsley,361
"The Barracks, Tocal",,Paterson,5,9.7,the-barracks-tocal,66
Benji's By The Sea,,Scotts Head,5,9.2,quot-benji-39-s-by-the-sea-quot,69
Lilianfels Blue Mountains Resort & Spa,,Katoomba,5,8.4,lilianfels-blue-mountains-resort-and-spa,749
Crystalbrook Byron,,Byron Bay,5,8.9,the-byron-at-byron-resort-and-spa,388
21 Sorrell Shared Apartment,Parramatta,Sydney,5,8.4,21-sorrell,58
The Beach Shack Byron Bay,Belongil Beach,Byron Bay,5,9.4,the-beach-shack-byron-bay,117
Spicers Vineyards Estate,,Pokolbin,5,8.9,the-vineyards-estate,121
Amarna Luxury Beach Resort,,Nelson Bay,5,9.4,amarna-luxury-beach-resort,101
Shambhala @ Byron,Belongil Beach,Byron Bay,5,8.9,shambhala-byron,106
Dragonfly Cottages,,Orange,5,9.6,dragonfly-cottages,119
Ducati's B and B,,Raymond Terrace,5,8.6,ducati-39-s-b-and-b-raymond-terrace12,135
Milton Park Country House Hotel & Spa,,Bowral,5,8.1,milton-park-country-house-amp-spa,228
Park Hyatt Sydney,Sydney CBD,Sydney,5,9.1,park-hyatt-sydney,338
Talga Estate,,Lovedale,5,9.2,talga-estate-rothbury,55
Watermark,Wategos Beach ,Byron Bay,5,9.0,the-watermark,54
Evanslea Luxury Boutique Accommodation,,Mudgee,5,9.6,evanslea-luxury-boutique-accommodation,159
Andavine House - Bed & Breakfast,,Grafton,5,9.4,39-andavine-39-house-bed-amp-breakfast,72
Se-Ayr BnB at Lighthouse,,Port Macquarie,5,9.6,se-ayr-bnb-at-lighthouse,118
Ballina Manor Boutique Hotel,,Ballina,5,9.1,ballina-manor-boutique,392
Sacred Mountain Retreat,,Nambucca Heads,5,8.7,sacred-mountain-retreat,61
Clarence River Bed & Breakfast,,Grafton,5,9.7,clarence-river-bed-amp-breakfast,281
Batemans Bay Apartment,,Batemans Bay,5,8.2,batemans-bay-apartment,74
The Beach House North Wollongong,,Wollongong,5,9.0,the-beach-house-north-wollongong-north-wollongong,63
Ulladulla Guest House,,Ulladulla,5,8.9,ulladulla-guest-house,96
Hunter Oasis,,Morpeth,4,8.6,morpeth-motel-and-villas,669
Angel Sussurri,,Yarramalong,4,9.0,angel-sussurri,89
Rydges World Square,Sydney CBD,Sydney,4.5,8.5,avillion-sydney,4108
The Ultimo,Sydney CBD,Sydney,4,8.5,aarons-sydney,2325
Perouse Randwick by Sydney Lodges,Randwick,Sydney,4,8.3,perouse-lodge,525
The Lurline Randwick,Randwick,Sydney,4,8.5,randwick-lodge,1263
Wildes Hotel Kangaroo Valley,,Kangaroo Valley,4.5,8.9,wildes-kangaroo-valley,118
Lorikeet Holiday Park,,Arrawarra,4.5,8.5,the-lorikeet-tourist-park,664
ibis Thornleigh,,Thornleigh,4,7.7,syndey-ibis-thornleigh,733
Metro Mirage Hotel Newport,,Newport,4,6.6,newportmirage,865
Abode Murrumbateman,,Murrumbateman,4,8.8,abode-murrumbateman,1300
"Holiday Inn Warwick Farm, an IHG Hotel",,Warwick Farm,4,8.3,holiday-inn-warwick-farm,727
Nightingale Villas,,Broke,4.5,8.3,nightingale-villas,336
Young Federation Motor Inn,,Young,4.5,9.1,young-federation-motor-inn,496
Narrabeen Sands Hotel by Nightcap Plus,,Narrabeen,4.5,8.5,quality-sands,1195
The Arabella North Coast,,Wollongbar,4,8.9,arabella-garden-inn,258
Overnight Reflections B&B,,Fishing Point,4,9.7,overnight-reflections-b-amp-b,134
"Holiday Inn Sydney St Marys, an IHG Hotel",,St Marys,4,9.1,holiday-inn-sydney-st-marys,712
Sapphire Chambre B&B,,Sapphire Beach,4,9.0,sapphire-chambre-b-amp-b,132
Anchorage Holiday Park,,Iluka,4,8.5,anchorage-holiday-park,82
Harrington River Lodge,,Harrington,4,8.7,styles-harrington,1101
Blue Mountains YHA,,Katoomba,4.5,8.4,blue-mountains-yha,652
Wentworth Central Motor Inn,,Wentworth,4,7.9,wentworth-central-motor-inn,207
Brezza Bella Boutique Bed & Breakfast,,Merewether,4.5,9.6,brezza-bella-boutique-bed-amp-breakfast,97
The Apple Inn,,Batlow,4,8.2,the-apple-inn,340
St Marys Park View Motel,,St Marys,4,7.6,st-marys-park-view-motel,211
Whispering Pines Cottages,,Wentworth Falls,4.5,9.6,whispering-pines-boutique-accommodation,75
Ten Dollar Town Motel,,Gulgong,4,8.8,ten-dollar-town-motel,763
The Edgewater Bed & Breakfast,,Sanctuary Point,4,9.6,the-edgewater-bed-amp-breakfast,219
Hillcrest Mountain View Retreat,,Crystal Creek,4,9.8,hillcrest-mountain-view-retreat,119
Chittaway Motel,,Tuggerah,4,8.5,chittaway-motel,626
Ingenia Holidays Middle Rock,,One Mile,4,8.1,middle-rock-holiday-resort,469
By the Beach B&B Self Contained Apartments,,Sanctuary Point,4,9.3,by-the-beach-b-amp-b-self-contained-apartments,213
Vibe Hotel Sydney Darling Harbour,Sydney CBD,Sydney,4.5,8.4,vibe-sydney-darling-harbour,2413
Jervis Bay Motel,,Huskisson,4,8.1,jervis-bay-motel,1577
Bundanoon Lodge,,Bundanoon,4,9.5,bundanoon-lodge,272
Jervis Bay Motel,,Huskisson,4,8.1,jervis-bay-motel,1577
Bundanoon Lodge,,Bundanoon,4,9.5,bundanoon-lodge,272
Veriu Central,Sydney CBD,Sydney,4.5,7.9,sydney-central-on-wentworth,2504
Cottages On Mount View,,Mount View,4,9.2,cottages-on-mount-view,108
Maya Sanctuary,,Little Hartley,4.5,9.4,secret-valley-escape,90
The Bronte Boutique Hotel,,Morpeth,4,9.3,the-bronte-guesthouse,361
Mercure Resort Hunter Valley Gardens,,Pokolbin,4,7.5,grand-mercure-the-vintage-hunter-valley,1327
Vibe Hotel North Sydney,North Sydney,Sydney,4.5,8.5,vibe-north-sydney-north-sydney,1752
Travelodge Hotel Sydney Airport,Mascot,Sydney,4,8.4,travelodge-sydney-airport,4064
Travelodge Hotel Sydney Wynyard,Sydney CBD,Sydney,4,8.2,travelodge-wynyard,4006
Palm Beach Bed & Breakfast,,Palm Beach,4,9.4,palm-beach-bed-amp-breakfast-palm-beach,324
"PARKROYAL Darling Harbour, Sydney",Sydney CBD,Sydney,4.5,8.4,park-royal-darling-harbour,1994
Hotel Etico at Mount Victoria Manor,,Mount Victoria,3.5,8.7,blue-mountains-manor-house,299
Mercure Sydney Rouse Hill,,Kellyville,4,8.8,mercure-sydney-rouse-hill,992
Echo Point Discovery Motel,,Katoomba,4,7.7,echo-point-motor-inn,2034
Metro Hotel Marlow Sydney Central,Sydney CBD,Sydney,4,7.7,metro-sydney-central,1206
Best Western Plus Hovell Tree Inn,,Albury,4,8.5,best-western-plus-albury-hovel-tree,2047
Copacabana Shores,,Copacabana,4.5,7.5,copacabana-shores,617
Winning Post Motor Inn,,Mudgee,4,8.4,winning-post-motor-inn,1075
Leisure Inn Pokolbin Hill,,Pokolbin,4,7.7,leisure-inn-pokolbin-hill,2294
The Playhouse Hotel,,Barraba,4,9.2,the-playhouse,137
Great Southern Hotel Sydney,Sydney CBD,Sydney,4,8.2,great-southern,5231
Central Studio Hotel Sydney,Sydney CBD,Sydney,4,8.3,rendezvous-sydney-central,1163
Beachfront by Gateway Lifestyle Holiday Parks,,Hallidays Point,4,7.5,beachfront-holiday-resort,303
Oaks Nelson Bay Lure Suites,,Nelson Bay,4,7.8,oaks-lure,2231
Royal Motel Tenterfield,,Tenterfield,4,9.0,royal-motel-tenterfield,417
Grand Mercure The Hills Lodge,,Castle Hill,4,8.9,grand-the-hills-lodge,600
The Sebel Harbourside Kiama,,Kiama,4,8.0,sebel-harbourside-kiama,1026
NRMA Sydney Lakeside Holiday Park,,Narrabeen,4.5,7.9,sydney-lakeside-holiday-park,478
Rydges Sydney Harbour,Sydney CBD,Sydney,4,8.1,old-sydney-holiday-inn,3865
Waterfall Springs Retreat & Wildlife Sanctuary,,Kulnura,4,9.6,waterfall-springs-retreat,51
Ramada Resort by Wyndham Shoal Bay,,Shoal Bay,4,7.9,shoal-bay-resort-spa,2727
The Grace Hotel,Sydney CBD,Sydney,4,8.6,the-grace,7205
Rydges Mount Panorama Bathurst,,Bathurst,4,8.4,rydges-mount-panorama-bathurst,1864
Oaks Port Stephens Pacific Blue Resort,,Salamander Bay,4,8.0,oaks-pacific-blue-resort,3781
Miramare Gardens Boutique Accommodation,,Terrey Hills,4.5,8.5,miramare-gardens,394
Great Escape Lofts,,Gloucester,4.5,9.2,the-great-escape-lofts,370
Bay Motel,Main Beach ,Byron Bay,4,8.7,bay-motel,480
Brigham House,,Tooma,4,9.3,brigham-house,81
Hotel Urban St Leonards,St Leonards,Sydney,4.5,8.3,urban-st-leonards,1053
Perry Street Hotel,,Mudgee,4.5,9.0,de-russie-suites-mudgee,736
PARKROYAL Parramatta,Parramatta,Sydney,4.5,8.5,parkroyal-parramatta,2629
Heritage Inn Bathurst,,Bathurst,4,8.6,bathurst-heritage-motor-inn,992
Boulevarde Motor Inn,,Wagga Wagga,4,8.2,boulevarde-motor-inn,1068
Mercure Sydney Parramatta,Parramatta,Sydney,4,7.5,parramatta,2656
NRMA Sydney Lakeside Holiday Park,,Narrabeen,4.5,7.9,sydney-lakeside-holiday-park,478
Rydges Sydney Harbour,Sydney CBD,Sydney,4,8.1,old-sydney-holiday-inn,3865
Waterfall Springs Retreat & Wildlife Sanctuary,,Kulnura,4,9.6,waterfall-springs-retreat,51
The Grace Hotel,Sydney CBD,Sydney,4,8.6,the-grace,7205
Rydges Mount Panorama Bathurst,,Bathurst,4,8.4,rydges-mount-panorama-bathurst,1864
Oaks Port Stephens Pacific Blue Resort,,Salamander Bay,4,8.0,oaks-pacific-blue-resort,3781
Great Escape Lofts,,Gloucester,4.5,9.2,the-great-escape-lofts,370
Bay Motel,Main Beach ,Byron Bay,4,8.7,bay-motel,480
Brigham House,,Tooma,4,9.3,brigham-house,81
Hotel Urban St Leonards,St Leonards,Sydney,4.5,8.3,urban-st-leonards,1053
Perry Street Hotel,,Mudgee,4.5,9.0,de-russie-suites-mudgee,736
PARKROYAL Parramatta,Parramatta,Sydney,4.5,8.5,parkroyal-parramatta,2629
Heritage Inn Bathurst,,Bathurst,4,8.6,bathurst-heritage-motor-inn,992
Boulevarde Motor Inn,,Wagga Wagga,4,8.2,boulevarde-motor-inn,1068
Adina Apartment Hotel Sydney Airport,Mascot,Sydney,4.5,8.4,adina-apartment-sydney-airport,948
Vibe Hotel Sydney,Sydney CBD,Sydney,4.5,8.3,vibe-sydney,1508
Travelodge Hotel Manly Warringah Sydney,Brookvale,Sydney,4,8.3,travelodge-manly-warringah,1719
ArtHOUSE Beachfront Accommodation,,Emerald Beach,3.5,9.4,arthouse-beachfront-accommodation,86
Veriu Green Square,Green Square,Sydney,4.5,8.8,veriu-green-square,1044
Megaboom City Hotel,Sydney CBD,Sydney,4,8.3,megaboom-city,1569
Rendezvous Hotel Sydney The Rocks,Sydney CBD,Sydney,4,8.0,rendezvous-stafford-at-the-rocks,1768
The Capsule Hotel,Sydney CBD,Sydney,4,7.7,the-capsule,1206
"Adina Apartment Hotel Sydney, Darling Harbour",Sydney CBD,Sydney,4.5,8.4,medina-grand-harbourside,1998
Ingenia Holidays Lake Hume,,Bowna,4,8.7,ingenia-holidays-lake-hume,108
Bayhaven Lodge,,Byron Bay,4,8.7,bayhaven-lodge,460
Ibis Styles The Entrance,,The Entrance,4,8.4,ibis-styles-the-entrance,1184
"Crowne Plaza Hunter Valley, an IHG Hotel",,Lovedale,4,8.0,crowne-plaza-hunter-valley,3410
Alpine Motor Inn,,Katoomba,4,7.9,best-western-alpine-motor-inn,687
"Castlereagh Boutique Hotel, Ascend Hotel Collection",Sydney CBD,Sydney,4,7.9,castlereagh-boutique,989
Rydges Parramatta,Parramatta,Sydney,4.5,8.1,rydges-parramatta,3182
Oaks Sydney Castlereagh Suites,Sydney CBD,Sydney,4,7.6,oaks-on-castlereagh-sydney,2616
YEHS Hotel Sydney QVB,Sydney CBD,Sydney,4,8.4,sydney-qvb,2775
"Crowne Plaza Terrigal Pacific, an IHG Hotel",,Terrigal,4,8.2,crowne-plaza-terrigal,3508
Aabi's at Byron,,Byron Bay,4.5,9.4,aabis-at-byron,445
Oaks Casuarina Santai Resort,,Kingscliff,4,8.5,grand-mercure-casuarina-beach,1570
The Clan Terrigal,,Terrigal,4,7.8,clan-lakeside-lodge,873
Wine Country Motor Inn,,Cessnock,4,8.5,best-western-wine-country-motor-inn,969
Townhouse Hotel,,Wagga Wagga,4,8.5,townhouse-wagga,1347
"Holiday Inn Express Sydney Macquarie Park, an IHG Hotel",North Ryde,Sydney,4,8.6,holiday-inn-express-sydney-macquarie-park,862
Wagga RSL Club Motel,,Wagga Wagga,4.5,9.0,wagga-rsl-club-motel,1092
A by Adina Sydney,Sydney CBD,Sydney,4.5,8.9,a-by-adina-sydney,826
"Holiday Inn Darling Harbour, an IHG Hotel",Sydney CBD,Sydney,4,8.1,holiday-inn-darling-harbour,1859
Beachwalk Suite,,Callala Beach,4,9.3,beachwalk-suite,65
Adina Apartment Hotel Sydney Town Hall,Sydney CBD,Sydney,4.5,8.1,adina-sydney,1116
Mantra Twin Towns,,Tweed Heads,4,8.3,outrigger-twin-towns-resort-coolangatta,3788
Yamba Central,,Yamba,4,8.4,yamba-yha-backpacker-beach-resort,407
Mercure Albury,,Albury,4,8.3,mercure-albury,882
The Boat House,,Anna Bay,3.5,8.5,the-boat-house-boat-harbour,72
Best Western Plus Hotel Stellar,Sydney CBD,Sydney,4,8.5,bestwesternstellar,737
Novotel Sydney Central,Sydney CBD,Sydney,4,8.2,novotel-sydney-central,866
Corrigans Cove,,Batemans Bay,4.5,8.0,corrigans-cove,1365
Beaches Serviced Apartments,,Nelson Bay,4,8.7,beaches-serviced-apartments,840
YEHS Hotel Sydney CBD,Sydney CBD,Sydney,4,8.3,sydney-cbd,2414
Adina Apartment Hotel Sydney Surry Hills,Surry Hills,Sydney,4.5,8.5,adina-crown-street,880
Waves Byron Bay,Main Beach ,Byron Bay,4,8.4,waves-byron-bay,615
Mercure Wagga Wagga,,Wagga Wagga,4,8.1,mercure-wagga-wagga,867
Novotel Sydney Darling Square,Sydney CBD,Sydney,4,8.5,novotel-sydney-darling-square,1604
Vicarage View Cottage,,Kangaroo Valley,3.5,9.2,vicarge-view-cottage,79
Manor Boutique Hotel Sydney,Darlinghurst,Sydney,4.5,7.7,manor-house-boutique-darlinghurst,741
OceanScape Luxury Beachfront Villas,,Scotts Head,3.5,9.1,oceanscape-luxury-beachfront-villas,70
Jetty Motel The Entrance,,The Entrance,4,8.4,jetty-motel,768
Metro Aspire Hotel Sydney,Ultimo,Sydney,4,8.6,aspire-sydney-formerly-aspen,1217
The Lord Byron,,Byron Bay,4,8.7,lord-byron-resort,984
Charlesworth Bay Beach Resort,,Coffs Harbour,4,7.0,pacterrace,2591
WM Bankstown,,Bankstown,4,7.7,gardenia-motor-inn,457
ibis Newcastle,,Newcastle,4,7.5,ibis-newcastle,1050
Jetty Motel The Entrance,,The Entrance,4,8.4,jetty-motel,768
Metro Aspire Hotel Sydney,Ultimo,Sydney,4,8.6,aspire-sydney-formerly-aspen,1217
The Lord Byron,,Byron Bay,4,8.7,lord-byron-resort,984
Charlesworth Bay Beach Resort,,Coffs Harbour,4,7.0,pacterrace,2591
WM Bankstown,,Bankstown,4,7.7,gardenia-motor-inn,457
"West Hotel Sydney, Curio Collection by Hilton",Sydney CBD,Sydney,4.5,8.6,west-sydney,970
ibis Newcastle,,Newcastle,4,7.5,ibis-newcastle,1050
Rydges Campbelltown,,Campbelltown,4.5,8.5,rydges-campbelltown,2027
Finns at Old Bar,,Old Bar,3.5,9.1,surf-side-retreat,164
Sage Hotel Wollongong,,Wollongong,4,7.5,chifley-wollongong,4149
Courtyard by Marriott Sydney-North Ryde,North Ryde,Sydney,4,8.3,courtyard-by-marriott-at-north-ryde,784
Travelodge Hotel Macquarie North Ryde Sydney,North Ryde,Sydney,4,8.3,travelodge-macquarie-north-ryde,1002
Kirketon Hotel Sydney,Darlinghurst,Sydney,4,7.4,kirketon-sydney,1256
Rydges Cronulla Beachside,,Cronulla,4,8.1,rydges-cronulla-beach,1427
Quality Inn Penrith Sydney,,Penrith,4,8.4,hotel-mulgoa-road-penrith,706
Pound Creek Gallery,,Tumbarumba,3.5,8.6,pound-creek-gallery,99
Comfort Inn Heritage Wagga,,Wagga Wagga,4,8.1,heritage-motor-inn,452
"Holiday Inn Express Sydney Airport, an IHG Hotel",Mascot,Sydney,4,8.6,holiday-inn-express-sydney-airport,1496
Crown Hotel Surry Hills,Surry Hills,Sydney,4,8.1,the-crown,273
Revive Central Apartments,,Temora,4,8.6,revive-central-apartments,311
Sundays at Byron,,Hayters Hill,3.5,9.6,sundays-at-byron,103
Nightcap at Archer Hotel,,Nowra,4,8.2,archer-resort,1958
ibis Styles Port Macquarie,,Port Macquarie,4,7.6,quality-inn-hw-boutique,1570
Courtyard by Marriott Sydney-North Ryde,North Ryde,Sydney,4,8.3,courtyard-by-marriott-at-north-ryde,784
Travelodge Hotel Macquarie North Ryde Sydney,North Ryde,Sydney,4,8.3,travelodge-macquarie-north-ryde,1002
Kirketon Hotel Sydney,Darlinghurst,Sydney,4,7.4,kirketon-sydney,1256
Rydges Cronulla Beachside,,Cronulla,4,8.1,rydges-cronulla-beach,1427
Quality Inn Penrith Sydney,,Penrith,4,8.4,hotel-mulgoa-road-penrith,706
Pound Creek Gallery,,Tumbarumba,3.5,8.6,pound-creek-gallery,99
Comfort Inn Heritage Wagga,,Wagga Wagga,4,8.1,heritage-motor-inn,452
"Holiday Inn Express Sydney Airport, an IHG Hotel",Mascot,Sydney,4,8.6,holiday-inn-express-sydney-airport,1496
Crown Hotel Surry Hills,Surry Hills,Sydney,4,8.1,the-crown,273
Revive Central Apartments,,Temora,4,8.6,revive-central-apartments,311
Sundays at Byron,,Hayters Hill,3.5,9.6,sundays-at-byron,103
Nightcap at Archer Hotel,,Nowra,4,8.2,archer-resort,1958
ibis Styles Port Macquarie,,Port Macquarie,4,7.6,quality-inn-hw-boutique,1570
Stay at Hotel Steyne,Manly,Sydney,4,7.4,steyne,993
View Sydney,North Sydney,Sydney,4,8.5,north-sydney-harbourview,3565
Oaks Sydney Hyde Park Suites,Sydney CBD,Sydney,4,7.2,oaks-hyde-park-plaza,1711
Metro Inn Ryde,Ryde,Sydney,4,7.9,metro-inn-ryde,728
Quest Macquarie Park,North Ryde,Sydney,4,8.2,quest-macquaurie-park,1194
"Holiday Inn Sydney Airport, an IHG Hotel",Mascot,Sydney,4,8.2,holiday-inn-sydney-airport,696
57Hotel,Surry Hills,Sydney,4,8.2,57hotel,1285
Novotel Sydney International Airport,,Sydney,4,8.1,sydney-airport,845
YEHS Hotel Sydney Harbour Suites,Sydney CBD,Sydney,4,8.4,sydney-harbour-suites,1258
The Remington Muswellbrook,,Muswellbrook,4.5,9.1,the-remington,832
Novotel Sydney Brighton Beach,Brighton Le Sands,Sydney,4,7.5,brighton-beach,2057
Best Western Plus All Settlers Motor Inn,,Tamworth,4.5,8.8,all-settlers-motor-inn,648
Shorebreak Studio Apartments,,Sapphire Beach,3.5,9.2,shorebreak-beach-house,80
Mercure Sydney,Sydney CBD,Sydney,4,8.1,sydney,1826
Merewether Motel,,Newcastle,4,8.6,merewether-motel,1825
"Crowne Plaza Sydney Darling Harbour, an IHG Hotel",Sydney CBD,Sydney,4,8.6,crowne-plaza-sydney-darling-harbour,1368
Rydges Camperdown,Camperdown,Sydney,4,8.5,rydges-camperdown,1562
Best Western Plus Bolton on the Park,,Wagga Wagga,4,8.8,bolton-on-the-park,674
Best Western Casula Motor Inn,,Liverpool,4,9.1,best-western-casula-motor-inn,282
Leura House,,Leura,4,8.1,leura-house-leura,506
Quality Inn Sunshine Haberfield,,Sydney,4,8.6,quality-inn-sunshine-haberfield,385
Grapevines Boutique Accommodation,,Pokolbin,4,9.0,grapevines-boutique-accommodation,368
"Holiday Inn Express Newcastle, an IHG Hotel",,Newcastle,4,8.7,holiday-inn-express-newcastle,2662
Alloggio Thornton,,Maitland,4,7.3,alloggio-thornton,351
Eco Beach Resort,Belongil Beach,Byron Bay,4,8.5,breakfree-eco-beach,593
Thistle Hill Guesthouse,,Pokolbin,4.5,9.3,thistle-hill-guesthouse,341
Anchorage Port Stephens,,Nelson Bay,4.5,9.0,peppers-anchorage,1397
Pacific Bay Resort,,Coffs Harbour,4,7.8,pacific-bay-resort-coffs-harbour,1828
Best Western Plus Ambassador Orange,,Orange,4,8.0,quality-inn-ambassador-orange,1118
Holiday Inn Sydney Potts Point,Potts Point,Sydney,4,8.2,holiday-inn-potts-point,1211
Aloha Byron Bay,,Byron Bay,4.5,9.2,aloha-villas-byron-bay,490
The Aberdeen Motel,,Dubbo,4,8.8,aberdeen-motor-inn,1406
Tropical Coast Retreat - Pet Friendly,,Kingscliff,4,9.1,tropical-coast-retreat-pet-friendly,103
The Sydney Boulevard Hotel,Woolloomooloo,Sydney,4,8.3,bayview-boulevard-sydney,710
The Cove Yamba,,Yamba,4.5,8.2,the-cove-yamba,705
Madigan Wine Country Cottages,,Lovedale,4,8.8,madigan-wine-country-cottages,210
Lovedale Cottages Hunter Valley,,Lovedale,4,8.7,lovedale-cottages,162
Bayview Beachfront Apartments,Main Beach ,Byron Bay,4,8.5,bayview-beachfront-apartments,472
Royal Pacific Hotel,Lane Cove,Sydney,4,7.9,punt-hill-north-shore-sydney,655
Vulcan Hotel Sydney,Ultimo,Sydney,4,8.3,vulcan,541
"Four Points by Sheraton Sydney, Central Park",Chippendale,Sydney,4,8.9,four-points-by-sheraton-sydney-central-park,406
Quest Mascot,Mascot,Sydney,4.5,8.2,quest-serviced-apartments-sydney-airport,773
Bushman's Motor Inn,,Parkes,4,8.5,comfort-inn-bushman-s,332
Coniston Hotel Wollongong,,Wollongong,4,8.5,coniston,792
Endeavour Court Motor Inn,,Dubbo,4,8.6,endeavour-court-motor-inn,1085
Zig Zag Motel & Apartments,,Lithgow,4,8.5,zig-zag-motel,962
APX Darling Harbour,Sydney CBD,Sydney,4,6.9,apx-darling-harbour,1142
Beltana Villas,,Pokolbin,4,9.2,beltana-villas,480
Station Motel,,Parkes,4,8.4,station-motel,989
"Holiday Inn Parramatta, an IHG Hotel",Parramatta,Sydney,4,8.2,courtyard-by-marriott-parramatta,1241
Horizon Apartments,,Narooma,4,7.9,horizon-apartments,656
Quality Hotel Rules Club Wagga,,Wagga Wagga,4,8.9,quality-rules-club-wagga,887
Rydges Bankstown,,Bankstown,4,7.5,rydges-bankstown,963
Novotel Sydney Parramatta,Parramatta,Sydney,4,7.4,novotel-parramatta,1158
The Blenheim,Randwick,Sydney,4,8.0,the-blenheim,511
Bracken Ridge Villas,,Rothbury,3.5,9.2,bracken-ridge-villas,104
Country Gardens Motor Inn,,Cowra,4,8.5,country-gardens-motor-inn-cowra,435
Cove Studios,Belongil Beach,Byron Bay,4,9.0,byron-cove-beach-house,291
APX World Square,Sydney CBD,Sydney,4,7.1,quest-world-square,1877
Haven Glebe,Glebe,Sydney,4,8.4,thehaveninn,977
Best Western Plus Camperdown Suites,Camperdown,Sydney,4,8.6,adara-parramatta-camperdown,113
Adina Apartment Hotel Coogee Sydney,Coogee,Sydney,4,8.5,adina-coogee,1219
The Urban Newtown,Newtown,Sydney,4,8.2,the-uban,995
Nesuto Pennant Hills,,Pennant Hills,4,7.9,nesuto-pennant-hills,241
Bathurst Motor Inn,,Bathurst,4,8.0,bathurst-motor-inn,680
Rydges Norwest Sydney,,Baulkham Hills,4.5,8.0,norwest,951
Gibraltar Hotel,,Bowral,4,7.5,gibraltar,1228
Greenwich Inn Motel,St Leonards,Sydney,4,7.4,greenwich-inn-motel,578
The Tank Stream,Sydney CBD,Sydney,4,8.6,the-tank-stream,1175
Shelton-Lea Bed & Breakfast,,Katoomba,4.5,9.2,shelton-lea-bed-and-breakfast,193
Napoleon On Kent,Sydney CBD,Sydney,4,7.3,napoleon-on-kent,1269
Matilda Motor Inn,,Dubbo,4,7.6,matilda-motor-inn,731
"The Executive Inn, Newcastle",,Newcastle,4.5,8.0,the-executive-inn-newcastle,2091
Macleay Hotel,Potts Point,Sydney,4,8.4,macleay-serviced-apartment,1400
Grand Country Lodge,,Mittagong,4,8.4,best-western-grand-country-lodge,698
La Rochér Eco Retreat,,Stokers Siding,3.5,9.5,la-rocher-eco-reyreat,74
Mercure Goulburn,,Goulburn,4,8.6,best-western-a-trappers-motor-inn,1245
The Remington Orange,,Orange,4,8.9,the-remington-orange,912
Bellevue Accommodation,,Kiama,4,9.4,bellevue-accommodation,546
La Maison Boutique Hotel,,Katoomba,4,7.6,la-maison-boutique,824
Gosamara Apartments,Belongil Beach,Byron Bay,4,8.8,gosamara,404
Seaspray Villa 5,,Shoal Bay,4,9.4,seaspray-villa-5,78
The Albert Mosman,Mosman,Sydney,4,8.8,the-albert-mosman,561
The Hughenden Boutique Hotel,Sydney Eastern Suburbs,Sydney,4,8.3,the-hughenden-boutique,702
Heritage House Motel & Units,,Eden,4,8.7,heritage-house-motel-and-units,605
"Holiday Inn & Suites - Parramatta Marsden Street, an IHG Hotel",Parramatta,Sydney,4,8.5,holiday-inn-suites-parramatta,722
Veriu Broadway,Ultimo,Sydney,4.5,8.8,veriu-broadway,657
Julians Apartments,Main Beach ,Byron Bay,4,8.7,julians-apartments,367
Quality Apartments Camperdown,Camperdown,Sydney,4,6.9,adara-camperdown,645
Beach Suites,Main Beach ,Byron Bay,4.5,9.6,beach-suites,211
Hotel St Leonards,St Leonards,Sydney,4.5,6.6,st-leonards,138
Francis Phillip Motor Inn and The Lodge,,Singleton,4.5,8.5,francis-phillip-motor-inn-and-the-lodge,327
Villa Provence,,Pokolbin,4.5,7.4,villa-provence,173
Best Western Ambassador Motor Inn & Apartments,,Wagga Wagga,4,8.7,best-western-ambassador-motor-inn,369
Country Plaza Motel Taree,,Taree,4,7.2,comfort-inn-country-plaza-taree,142
Mantra Parramatta,Parramatta,Sydney,4,7.7,mantra-parramatta,1498
Adelong Motel,,Narrabri,4,8.8,adelong-motel,973
Oaks Sydney Goldsbrough Suites,Pyrmont,Sydney,4,7.8,oaks-goldsborough-apartments-darling-harbour,4299
175 One Hotels and Apartments,Parramatta,Sydney,4,8.6,175,618
Quest North Sydney,North Sydney,Sydney,4,8.8,quest-north-sydney,926
Azur Byron Bay,,Byron Bay,4.5,8.5,aarons-at-byron,231
Quest Maitland,,Maitland,4.5,8.2,quest-maitland-apartments,468
Avonmore On The Park Boutique Hotel,Randwick,Sydney,4,8.8,avonmore-on-the-park-boutique,367
"The Gateway Inn, Newcastle",,Newcastle,4.5,8.3,the-gateway-inn-newcastle,834
Glasgow Arms Hotel Ultimo,Ultimo,Sydney,4,7.8,glasgow-arms,239
Veriu Randwick,Randwick,Sydney,4,8.3,central-randwick-suites,353
The York by Swiss-Belhotel,Sydney CBD,Sydney,4.5,8.3,the-york-by-swiss-belhotel,1470
Unlax @ Hunter Valley,,Pokolbin,4,8.7,unlax-hunter-valley,68
Twin Towers Inn,Greenwich,Sydney,4,8.1,twin-towers-inn,544
Tocumwal Golf Resort,,Tocumwal,4,8.4,tocumwal-golf-resort,93
Quality Inn Ashby House Tamworth,,Tamworth,4,8.8,ashby-house-motor-inn,810
Veriu Camperdown,Camperdown,Sydney,4.5,8.4,veriu-camperdown,278
Studio 8 Residences - Adults Only,Ryde,Sydney,4,9.1,studio-8-residences,654
Q Station,Manly,Sydney,4,8.1,q-station-retreat,764
Gosford Palms Motor Inn,,Gosford,4,8.1,gosford-palms-motor-inn,662
Best Western City Sands,,Wollongong,4,8.2,best-western-city-sands,1498
Bankstown Motel 10,Chullora,Bankstown,4,7.8,bankstown-motel-10,369
Bush & Bay Cottage,,Erowal Bay,3.5,9.3,bush-amp-bay-cottage,72
Adina Apartment Hotel Wollongong,,Wollongong,4.5,8.5,medina-executive-wollongong,1169
Mad Monkey Coogee Beach,Coogee,Sydney,4,7.3,surfside-coogee-beach,99
Quality Resort Siesta,,Albury,4,8.6,quality-resort-siesta,1818
Discovery Parks - Dubbo,,Dubbo,4,8.4,big4-dubbo-parklands,1388
Silkari Suites at Chatswood,Chatswood,Sydney,4.5,8.7,silkari-suites,767
Quality Hotel City Centre,,Coffs Harbour,4,8.2,quality-inn-city-centre,604
Quest Orange,,Orange,4.5,8.7,quest-orange,425
Quest St Leonards,St Leonards,Sydney,4,8.8,quest-st-leonards,1004
"Crowne Plaza Sydney Coogee Beach, an IHG Hotel",Coogee,Sydney,4,8.4,crowne-plaza-coogee-beach,1826
"Lincoln Downs Resort Batemans Bay, BW Signature Collection",,Batemans Bay,4,7.8,comfort-inn-lincoln-downs,809
Silk Pavilions Glamping,,Mount Burrell,4,9.1,silk-pavilions,168
Forster Holiday Apartment,,Forster,3.5,9.5,forster-holiday-apartment,86
Crown on Darby Newcastle,,Newcastle,4,8.6,crown-on-darby-pty-ltd,1117
Quest Chatswood,Chatswood,Sydney,4,8.2,quest-chatswood,520
"Karinga Motel, SureStay Hotel by Best Western",,Lismore,4,7.6,karinga-motel,292
Absolute Beachfront Opal Cove Resort,,Coffs Harbour,4,7.5,absolute-beachfront-opal-cove-resort,4176
Strathfield Executive Accommodation,,Sydney,4,8.2,strathfield-executive-accommodation,617
Bannisters by the Sea Mollymook,,Mollymook,4.5,9.0,bannisters,241
The Sands Resort at Yamba,,Yamba,4.5,8.2,the-sands-at-yamba,406
Peppertree Terraces,,Mudgee,3.5,8.5,peppertree-terraces,178
"Beachfront One, Mollymook",,Mollymook,4.5,9.8,beachfront-1,70
Beachfront Apartments,,Narooma,3.5,9.2,beachfront-apartments-narooma,324
The Nest at Gundaroo,,Gundaroo,4,8.9,the-nest-at-gundaroo,103
Quest Goulburn,,Goulburn,4.5,9.1,quest-goulburn,985
Terminus Apartment Hotel Newcastle,,Newcastle,4,9.0,chifley-executive-suites,1482
Adina Apartment Hotel Chippendale,,Sydney,4,8.7,adina-chippendale,346
Oaks Sydney North Ryde Suites,,Sydney,4,7.6,north-ryde-apartments,313
"Crowne Plaza Hawkesbury Valley, an IHG Hotel",,Windsor,4,8.6,sebel-resort,1154
Sydney Potts Point Central Apartment Hotel,Potts Point,Sydney,4,8.1,quest-potts-point,519
Byng Street Boutique Hotel,,Orange,4.5,9.5,byng-street-boutique,584
Adina Apartment Hotel Bondi Beach Sydney,Bondi,Sydney,4,8.6,adina-apartment-bondi-beach,867
Quest at Sydney Olympic Park,Sydney Olympic Park,Sydney,4.5,7.5,quest-at-sydney-olympic-park,1044
Comfort Inn & Suites Burwood,Burwood,Sydney,4,7.3,comfort-inn-suites-burwood,457
Quest Wagga Wagga,,Wagga Wagga,4.5,8.3,quest-wagga-wagga,764
Albacore Apartments,,Merimbula,4.5,8.8,albacore-apartments,305
BreakFree Queanbeyan,,Queanbeyan,4,7.5,breakfree-queanbeyan,568
Hunter Gateway Motel,,Maitland,4,8.5,mercure-maitland,1072
Condo 105 @ Horizons Golf Resort - Salamander Bay NSW,,Salamander Bay,3.5,8.4,condo-105-horizons-golf-resort-salamander-bay-nsw,104
Mrs Banks Hotel,Paddington,Sydney,4,9.2,mrs-banks,479
Red Door Collective - RDC Estate,,Pokolbin,4.5,9.8,denmar-estate,128
Palmers Lane Estate,,Pokolbin,4,9.2,pokolbin-cabins,198
Nesuto Parramatta,Parramatta,Sydney,4,8.1,nesuto-parramatta,1234
The Best Exotic Magnolia Cottage,,Bundanoon,3.5,9.9,the-best-exotic-magnolia-cottage,57
Quest Albury on Townsend,,Albury,4,8.2,quest-albury-on-townsend,1032
Mulwala Lakeside Apartment,,Mulwala,3.5,8.2,mulwala-lakeside-apartment,115
The General Gordon,,Sydney,4,9.0,the-general-gordon,78
The Tahitian,,Coffs Harbour,4,8.4,the-tahitian-holiday-apartments,328
Fairway Haven Getaway,,Mollymook,3.5,9.1,fairway-haven-getaway,56
Nesuto Chippendale,Chippendale,Sydney,4,7.9,chippendale,262
Flynns Beach Resort,Flynns Beach,Port Macquarie,4,8.4,flynns-beach-resort,751
Flynns on Surf Beach Villas,,Port Macquarie,4,9.1,flynns-on-surf,1126
The Mark Studios,,Newcastle,4,6.6,marks-studio-39-s,415
Fairway Motor Inn,,Merimbula,4,8.5,best-western-fairway-motor-inn,129
The Hermitage Motel - Campbelltown,,Campbelltown,4,8.4,the-hermitage-motel-campbelltown,435
Cavvanbah - Byron Bay,Belongil Beach,Byron Bay,4.5,7.6,cavvanbah-exclusive-beachfront-pavilions-byron-bay,63
Peppertree Hill,,Mudgee,3.5,9.0,peppertree-hill,212
Boulevard on Beaumont,,Newcastle,4,6.9,quality-suites-boulevard-on-beaumont,673
The Merchant Hotel,Summer Hill,Sydney,4,7.9,the-merchant,408
Coogee Bay Boutique Hotel,Coogee,Sydney,4,8.8,coogee-bay,415
Milson Serviced Apartments,,Sydney,3.5,8.4,milson-executive-apartments,277
Studios On Beaumont,,Newcastle,4,7.5,studios-on-beaumont,494
Casablanca Penthouse Loft - Landmark 518,,Nelson Bay,3.5,8.5,loft-l518,88
Mantra Wollongong,,Wollongong,4.5,7.3,best-western-wollongong,1033
Town Beach Beachcomber Resort,,Port Macquarie,4,8.7,beachcomber-resort,376
Al Mare Beachfront Retreat Award Winner,,The Entrance,4.5,9.5,al-mare-beachfront-retreat,70
KULA Mascot Station Free Parking,Mascot,Sydney,3.5,8.1,stay-co-mascot-station,182
The Star Apartments,,Newcastle,4,6.9,the-star-apartments,833
Sutton Forest Cottage,,Sutton Forest,3.5,9.2,sutton-forest-cottage,50
Northpoint Apartments,,Port Macquarie,4.5,8.8,northpoint-apartments,883
Novotel Newcastle Beach,,Newcastle,4,7.5,novotel-newcastle-beach,942
Sandy Feet Getaway,,Sanctuary Point,3.5,9.1,sandy-feet-getaway,64
McNevins Tamworth Motel,,Tamworth,4,8.6,mcnevins-country-valley-motel,354
Bay Royal Apartments,Main Beach ,Byron Bay,4.5,8.8,bay-royal-apartments,98
The Crest Byron Bay,Belongil Beach,Byron Bay,4,8.4,crest-apartments-byron-bay,268
Quest Albury,,Albury,4.5,7.3,quest-albury-serviced-apartments,801
South Pacific Apartments,,Port Macquarie,4,8.0,south-pacific-apartments,520
Quest Campbelltown,,Campbelltown,4.5,8.1,quest-campbelltown-serviced-apartments,1058
The Tahitian,,Coffs Harbour,4,8.4,the-tahitian-holiday-apartments,328
Fairway Haven Getaway,,Mollymook,3.5,9.1,fairway-haven-getaway,56
Nesuto Chippendale,Chippendale,Sydney,4,7.9,chippendale,262
Flynns Beach Resort,Flynns Beach,Port Macquarie,4,8.4,flynns-beach-resort,751
Flynns on Surf Beach Villas,,Port Macquarie,4,9.1,flynns-on-surf,1126
The Mark Studios,,Newcastle,4,6.6,marks-studio-39-s,415
Fairway Motor Inn,,Merimbula,4,8.5,best-western-fairway-motor-inn,129
The Hermitage Motel - Campbelltown,,Campbelltown,4,8.4,the-hermitage-motel-campbelltown,435
Quest Albury,,Albury,4.5,7.3,quest-albury-serviced-apartments,801
South Pacific Apartments,,Port Macquarie,4,8.0,south-pacific-apartments,520
Quest Campbelltown,,Campbelltown,4.5,8.1,quest-campbelltown-serviced-apartments,1058
The Tahitian,,Coffs Harbour,4,8.4,the-tahitian-holiday-apartments,328
Fairway Haven Getaway,,Mollymook,3.5,9.1,fairway-haven-getaway,56
Nesuto Chippendale,Chippendale,Sydney,4,7.9,chippendale,262
Flynns Beach Resort,Flynns Beach,Port Macquarie,4,8.4,flynns-beach-resort,751
Flynns on Surf Beach Villas,,Port Macquarie,4,9.1,flynns-on-surf,1126
The Mark Studios,,Newcastle,4,6.6,marks-studio-39-s,415
Fairway Motor Inn,,Merimbula,4,8.5,best-western-fairway-motor-inn,129
The Hermitage Motel - Campbelltown,,Campbelltown,4,8.4,the-hermitage-motel-campbelltown,435
Cavvanbah - Byron Bay,Belongil Beach,Byron Bay,4.5,7.6,cavvanbah-exclusive-beachfront-pavilions-byron-bay,63
Peppertree Hill,,Mudgee,3.5,9.0,peppertree-hill,212
Boulevard on Beaumont,,Newcastle,4,6.9,quality-suites-boulevard-on-beaumont,673
The Merchant Hotel,Summer Hill,Sydney,4,7.9,the-merchant,408
Coogee Bay Boutique Hotel,Coogee,Sydney,4,8.8,coogee-bay,415
Hamilton on Beaumont,,Newcastle,4,8.2,hamilton-on-beaumont,732
Milson Serviced Apartments,,Sydney,3.5,8.4,milson-executive-apartments,277
Studios On Beaumont,,Newcastle,4,7.5,studios-on-beaumont,494
Casablanca Penthouse Loft - Landmark 518,,Nelson Bay,3.5,8.5,loft-l518,88
Mantra Wollongong,,Wollongong,4.5,7.3,best-western-wollongong,1033
Town Beach Beachcomber Resort,,Port Macquarie,4,8.7,beachcomber-resort,376
Al Mare Beachfront Retreat Award Winner,,The Entrance,4.5,9.5,al-mare-beachfront-retreat,70
KULA Mascot Station Free Parking,Mascot,Sydney,3.5,8.1,stay-co-mascot-station,182
Charlestown Executive Apartments,,Newcastle,4.5,8.7,charlestown-serviced-apartments,940
Brokenback Views Country Estate Hunter Valley,,Pokolbin,4.5,9.0,brokenback-views-1-bdr-villa,115
Beachfront Boogaloo,,Huskisson,3.5,9.4,beachfront-boogaloo,79
Albert Motel,,Moree,4,9.0,albert-motel,482
Lithgow Workies Club Motel,,Lithgow,4,9.1,lithgow-workies-club-motel,494
Merimbula Lake Apartments,,Merimbula,4,9.5,merimbula-lake-apartments,208
Bay and Bush Cottages Jervis Bay,,Huskisson,4,9.1,bay-and-bush-cottages-jervis-bay,142
Beachpark Apartments Coffs Harbour,,Coffs Harbour,4,8.3,beachpark-holiday-apartments,630
Jetty Beach Splendour Apartment,,Coffs Harbour,3.5,9.3,jetty-beach-splendour,79
Kirsten Accommodation Mudgee,,Mudgee,3.5,9.1,lewis-street-apartments,141
The Botanical 201,,Albury,4,9.6,the-botanical,72
Coal d' Vine VIEW - Cessnock NSW,,Cessnock,3.5,8.6,coal-d-39-vine-view-cessnock-nsw,66
Grandview Apartments,,Ballina,4,9.0,grandview-apartments,308
scotland island lodge,,Church Point,4,9.5,scotland-island-lodge,65
Quest Bella Vista,,Baulkham Hills,4.5,8.6,quest-bella-vista,1859
Avoca House - Circa 1900 Gorgeous Federation Home,,Mudgee,3.5,9.5,avoca-house-circa-1900-gorgeous-federation-home,62
Diggers Beach Cottage,,Coffs Harbour,3.5,9.7,diggers-beach-cottage,101
Adina Apartment Hotel Norwest Sydney,,Baulkham Hills,4.5,8.4,adina-apartment-norwest,889
Apollo Luxury Apartments,,Merimbula,4,9.0,apollo-luxury-apartments,63
Bondi 38 Serviced Apartments,Bondi,Sydney,4,8.8,bondi-38-serviced-apartments,292
Atura Blacktown,,Blacktown,4,8.4,atura-blacktown,951
Armidale Tourist Park,,Armidale,4,8.6,armidale-tourist-park-and-yha,254
Colonial Court House,,Mudgee,4,9.1,colonial-court-villas,153
Armidale Cottage,,Armidale,3.5,9.4,armidale-cottage,127
East Maitland Executive Apartments,,Maitland,3.5,8.8,east-maitland-executive-apartments,552
Mollymook Beach Waterfront,,Mollymook,4.5,9.9,mollymook-beach-waterfront,55
Radisson Hotel & Suites Sydney,Sydney CBD,Sydney,4,8.7,radisson-suites-sydney,942
Station Hotel Motel Kurri,,Kurri Kurri,4,7.9,station-motel-kurri-kurri,237
Park Ridge Retreat,,Gerringong,4,8.4,park-ridge-retreat,1025
Churchill View Holiday Apartment,,Forster,3.5,9.8,churchill-view-forster,79
Bluebell Cottage,,Leura,3.5,8.9,bluebell-cottage-leura,56
Mercure Gerringong Resort,,Gerringong,4,7.6,mercure-resort-gerringong-by-the-sea,868
Bucketts Way Motel Gloucester,,Gloucester,4,8.1,bucketts-way-motel-and-restaurant,649
Archibald Hotel,,Kurrajong,4,6.9,archibald,156
Bellingen Belfry Guesthouse,,Bellingen,4,8.8,bellingen-backpackers-yha,318
Statesman Motor Inn,,Corowa,4,8.6,statesman-motor-inn,341
Club Maclean Motel,,Maclean,4,9.0,mas-country-club-maclean-motel,643
The Grapevine Motel,,Denman,4,8.8,the-denman-denman,498
Timbertown Motel,,Wauchope,4,7.8,timbertown-resort-amp-motel,486
Tumbarumba Motel & Elms Restaurant,,Tumbarumba,4,8.3,tumbarumba-motel-amp-elms-restaurant,181
Bega Village Motor Inn,,Bega,4,8.2,bega-village-motor-inn,666
Cootamundra Heritage Motel & Apartments,,Cootamundra,4,8.9,cootamundra-heritage-motel-amp-apartments,433
Wentworth Grande Resort,,Wentworth,4,8.6,wentworth-grande-resort,195
Balconies Dolphincove,,Tura Beach,4.5,9.4,balconies-dolphincove,72
Bewong River Retreat,,Bewong,4,9.1,bewong-river-retreat,168
Junee Motor Inn,,Junee,4,8.2,junee-motor-inn,493
Jacaranda Holiday Park,,North Haven,4,8.4,gateway-lifestyle-north-haven,190
Balranald Club Motel,,Balranald,4,8.0,balranald-club-motel,602
Thou Walla Sunset Retreat,,Soldiers Point,4,8.8,soldiers-point-holiday-park,461
Peppers Manor House,,Sutton Forest,4,7.8,peppers-manor-house,723
The Chalet Guesthouse And Studio,,Medlow Bath,4,9.3,the-chalet-guesthouse-and-studio,178
Colonial Motel Richmond,,Richmond,4,8.6,colonial-motel-richmond,491
Park Ridge Retreat,,Gerringong,4,8.4,park-ridge-retreat,1025
Churchill View Holiday Apartment,,Forster,3.5,9.8,churchill-view-forster,79
Bluebell Cottage,,Leura,3.5,8.9,bluebell-cottage-leura,56
Mercure Gerringong Resort,,Gerringong,4,7.6,mercure-resort-gerringong-by-the-sea,868
Bucketts Way Motel Gloucester,,Gloucester,4,8.1,bucketts-way-motel-and-restaurant,649
Archibald Hotel,,Kurrajong,4,6.9,archibald,156
Golf Club Motor Inn Wingham,,Wingham,4,8.9,golf-club-motor-inn-wingham,422
Ascot Motor Inn,,Hornsby,4,6.3,ascot-motor-inn,365
Inverell Motel,,Inverell,4,6.3,inverell-motel-inverell,482
Dolphin Shores,,Vincentia,4,8.6,dolphin-shores,688
Howlong Golf Resort,,Howlong,4,9.0,howlong-country-golf-club,169
Abode Malua Bay,,Malua Bay,4,8.7,abode-malua-bay,1111
Coolangatta Estate Shoalhaven Heads,,Berry,4,7.5,coolangatta-estate,658
Brooklyn Motel,,Brooklyn,4,8.3,brooklyn-motel,470
Grand View Hotel,,Wentworth Falls,4,7.9,grand-view,283
Amaroo Motel,,Tumut,4,8.2,amaroo-motel,715
Byron Luxury Beach Houses,Belongil Beach,Byron Bay,4.5,8.9,byron-luxury-beach-houses,55
Millthorpe Motel,,Millthorpe,4,8.7,millthorpe-motel,508
Blueys Motel,,Blueys Beach,4,9.1,blueys-by-the-beach-motel,466
Shellharbour Village Motel,,Shellharbour,4,8.6,shellharbour-village-motel,786
Town & Country Motor Inn,,Forbes,4.5,8.5,town-amp-country-motor-inn-forbes,655
Mandarin Motel,,Macksville,4,8.4,mandarin-motel,552
Seven Mile Beach Holiday Park,,Gerroa,4,8.4,seven-mile-beach-holiday-park,128
Berry Village Boutique Motel,,Berry,4,8.7,berry-village-boutique-motel,978
Swansea Hotel,,Swansea,4,6.5,swansea,203
Castlereagh Motor Inn,,Gilgandra,4,8.4,castlereagh-motor-inn,849
Bellingen Belfry Guesthouse,,Bellingen,4,8.8,bellingen-backpackers-yha,318
Statesman Motor Inn,,Corowa,4,8.6,statesman-motor-inn,341
Club Maclean Motel,,Maclean,4,9.0,mas-country-club-maclean-motel,643
The Grapevine Motel,,Denman,4,8.8,the-denman-denman,498
Timbertown Motel,,Wauchope,4,7.8,timbertown-resort-amp-motel,486
Tumbarumba Motel & Elms Restaurant,,Tumbarumba,4,8.3,tumbarumba-motel-amp-elms-restaurant,181
Bega Village Motor Inn,,Bega,4,8.2,bega-village-motor-inn,666
Cootamundra Heritage Motel & Apartments,,Cootamundra,4,8.9,cootamundra-heritage-motel-amp-apartments,433
Wentworth Grande Resort,,Wentworth,4,8.6,wentworth-grande-resort,195
Balconies Dolphincove,,Tura Beach,4.5,9.4,balconies-dolphincove,72
Bewong River Retreat,,Bewong,4,9.1,bewong-river-retreat,168
Junee Motor Inn,,Junee,4,8.2,junee-motor-inn,493
Jacaranda Holiday Park,,North Haven,4,8.4,gateway-lifestyle-north-haven,190
Thou Walla Sunset Retreat,,Soldiers Point,4,8.8,soldiers-point-holiday-park,461
Peppers Manor House,,Sutton Forest,4,7.8,peppers-manor-house,723
The Chalet Guesthouse And Studio,,Medlow Bath,4,9.3,the-chalet-guesthouse-and-studio,178
Stay at Tilba,,Central Tilba,4,8.3,two-story-guesthouse,200
Euston Motel,,Euston,4.5,9.4,euston-motel,321
Discovery Parks - Pambula Beach,,Pambula,4,8.7,discovery-holiday-parks-pambula-beach,531
Ingenia Holidays Kingscliff,,Chinderah,4,7.7,drifters-holiday-village,303
Crackenback Farm Guesthouse,,Crackenback,4,8.4,crackenback-farm-guesthouse,73
Rothbury Escape,,Rothbury,4,8.7,rothbury-escape,54
Camden Valley Inn,,Camden,4,9.0,camden-valley-inn,780
Barrington Hideaway- River Cottages,,Gloucester,4.5,9.4,barrington-river-hideaway,153
Acacia Rose Motor Inn,,Barham,4,8.8,acacia-motel-barham,113
"Grand Mercure the Vintage, Accor Vacation Club Apartments",,Rothbury,4,8.6,grand-mercure-the-vintage-accor-vacation-club-apartments,56
Guest House on Hyde,,Bellingen,4,9.6,guest-house-on-hyde,237
Springmead B&B,,Rydal,3.5,9.2,springmead-b-amp-b,284
Lennox Beach Resort,,Lennox Head,4,8.6,headland-beach-resort-lennox-head,596
Koala Shores Holiday Park,,Lemon Tree Passage,4.5,7.7,koala-shores-holiday-park,240
Pacific Garden Hotel,,Wamberal,4,5.2,pacific-garden-hotel,757
Highlands Motor Inn,,Oberon,4,9.1,highlands-motor-inn,724
The Rooms Milton,,Milton,4,8.4,the-rooms-milton,82
Harbourview House,,Bermagui,4,9.0,harbourview-motel,371
North Star Holiday Resort,,Hastings Point,4.5,9.0,big4-north-star-holiday-resort,248
Southern Comfort Motor Inn,,Cootamundra,4,9.0,southern-comfort-motor-inn,325
Starline Alpacas Farmstay Resort,,Broke,4,9.0,starline-alpacas-farmstay-resort,372
Bundle Hill Cottages,,Bawley Point,4,8.6,bundle-hill-cottages,148
Valley of the Waters B&B,,Wentworth Falls,4.5,9.4,valley-of-the-waters-b-amp-b,198
Maynestay Motel,,Gunnedah,4,9.1,maynestay-motel,94
Blueberry Hills On Comleroy,,Kurrajong,4,9.4,blueberry-hills-on-comleroy,221
The Man from Snowy River Hotel,,Perisher Valley,4,8.5,the-man-from-snowy-river-perisher-valley,180
Sportsmans Motor Inn,,Barooga,4,9.2,sportsmans-motor-inn,252
Leeton Heritage Motor Inn,,Leeton,4,8.9,leeton-heritage-motor-inn,395
Wombatalla,,Kangaroo Valley,4,8.7,wombatalla,140
The Quarters Forresters Beach,,Wamberal,4,8.4,forresters-beach-resort,493
Federation Motel Resort - Corowa,,Corowa,4,9.1,comfort-inn-federation,321
Hydro Majestic Blue Mountains,,Medlow Bath,4,7.6,hydro-majestic-blue-mountains,591
Caves Coastal,,Swansea,4.5,8.1,caves-beachside,457
Narrandera Club Motor Inn,,Narrandera,4,8.3,narrandera-club-motor-inn,462
Emerald Tropical Palms B & B,,Emerald Beach,4,9.3,emerald-tropical-palms,52
Closeburn House,,Mount Victoria,3.5,9.7,closeburn-house,287
Ramada Hotel & Suites by Wyndham Cabramatta,,Cabramatta,4,7.8,ramada-hotel-and-suites-sydney-cabramatta,367
Yamba Beach Motel,,Yamba,4.5,8.7,yamba-beach-motel,966
The Laurels B&B,,Kangaroo Valley,3.5,9.6,the-laurels-b-amp-b,183
Ingenia Holidays Lake Conjola,,Conjola,4,8.9,active-holidays-lake-conjola,515
Avoca Palms Resort,,Avoca Beach,4.5,7.7,avoca-palms-resort-avoca-beach,277
Dungowan Holiday Accommodation,,Erowal Bay,4,8.8,dungowan-holiday-accommodation,404
Travelodge Hotel Sydney Airport,Mascot,Sydney,4,8.4,travelodge-sydney-airport,4064
Hidden Haven Barrington Tops,,Cobark,4.5,8.8,the-tops-organic-retreat,151
Mariners on the Waterfront,,Batemans Bay,4,7.4,mariners-motel,3398
Mercure Kooindah Waters Central Coast,,Wyong,4,7.7,mercure-kooindah-waters-central-coast,691
NRMA Murramarang Beachfront Holiday Resort,,Durras,4,8.5,nrma-murramarang-beachfront-nature-resort,526
