Ovolo Woolloomooloo,Woolloomooloo,Sydney,5.0,9.0,blue-sydney-sydney,1144
"Meriton Suites Sussex Street, Sydney",Sydney CBD,Sydney,5.0,8.7,meriton-suites-sussex-street,3799
Four Seasons Hotel Sydney,Sydney CBD,Sydney,5.0,9.1,four-seasons-sydney,7961
Hyatt Regency Sydney,Sydney CBD,Sydney,5.0,8.3,hyatt-regency-sydney,6165
Sofitel Sydney Darling Harbour,Sydney CBD,Sydney,5.0,8.7,sofitel-sydney-darling-harbour,5306
The Star Grand Hotel and Residences Sydney,Pyrmont,Sydney,5.0,8.7,the-star-grand-residences,3878
SKYE Suites Sydney,Sydney CBD,Sydney,5.0,8.9,skye-suites-sydney,1764
Little National Hotel Sydney,Sydney CBD,Sydney,5.0,9.3,little-national-sydney-sydney,1981
The Darling at The Star,Pyrmont,Sydney,5.0,9.1,the-darling,1638
Sheraton Grand Sydney Hyde Park,Sydney CBD,Sydney,5.0,8.9,sheraton-on-the-park-sydney,1306
Amora Hotel Jamison Sydney,Sydney CBD,Sydney,5.0,8.5,amora-jamison-sydney,3399
Swissotel Sydney,Sydney CBD,Sydney,5.0,8.6,swissotel-sydney,2865
Bayswater Boutique Lodge,Rushcutters Bay,Sydney,5.0,7.8,the-bayswater-boutique-lodge,245
Hilton Sydney,Sydney CBD,Sydney,5.0,8.2,hilton-sydney,2780
The Fullerton Hotel Sydney,Sydney CBD,Sydney,5.0,8.9,fullerton-sydney,2782
"InterContinental Sydney Double Bay, an IHG Hotel",Double Bay,Sydney,5.0,8.2,intercontinental-sydney-double-bay,831
Sydney Harbour Marriott Hotel at Circular Quay,Sydney CBD,Sydney,5.0,8.4,sydney-habour-marriott,1342
Stamford Plaza Sydney Airport Hotel & Conference Centre,Mascot,Sydney,5.0,7.9,stamford-plaza-sydney-airport,2502
Sydney Harbour YHA,Sydney CBD,Sydney,5.0,8.7,sydney-harbour-yha,1658
Radisson Blu Plaza Hotel Sydney,Sydney CBD,Sydney,5.0,9.0,radisson-plaza-sydney,2772
QT Sydney,Sydney CBD,Sydney,5.0,9.0,qtsydney,2620
Fraser Suites Sydney,Sydney CBD,Sydney,5.0,8.5,fraser-suites-sydney,1401
"InterContinental Sydney, an IHG Hotel",Sydney CBD,Sydney,5.0,8.3,intercontinental-sydney,2132
"Pier One Sydney Harbour, Autograph Collection",Sydney CBD,Sydney,5.0,8.7,autograph-collection-pier-one-sydney-harbour,1194
Crystalbrook Albion,Surry Hills,Sydney,5.0,9.3,little-albion-guest-house-surry-hills,459
Sofitel Sydney Wentworth,Sydney CBD,Sydney,5.0,7.9,wentworth-sydney,631
Pullman Quay Grand Sydney Harbour,Sydney CBD,Sydney,5.0,8.5,quay-grand-suites-sydney,930
Adge Apartments,Surry Hills,Sydney,5.0,8.9,adge-apartment,185
SKYE Hotel Suites Parramatta,Parramatta,Sydney,5.0,8.6,skye-suites-parramatta,2122
Pullman Sydney Hyde Park,Sydney CBD,Sydney,5.0,7.8,pullman-sydney-hyde-park,1026
Larmont Sydney by Lancemore,Potts Point,Sydney,5.0,8.6,larmont-sydney-by-lancemore,969
Sir Stamford Circular Quay,Sydney CBD,Sydney,5.0,8.7,sir-stamford-circular-quay,2295
QT Bondi,Bondi,Sydney,5.0,8.7,qt-bondi,884
Zara Tower – Luxury Suites and Apartments,Sydney CBD,Sydney,5.0,8.6,zara-tower-serviced-apartments,604
"Kimpton Margot Sydney, an IHG Hotel",Sydney CBD,Sydney,5.0,8.9,kimpton-margot-sydney,111
The Old Clare Hotel,Sydney CBD,Sydney,5.0,8.9,the-old-clare,645
The Langham Sydney,Sydney CBD,Sydney,5.0,9.4,the-observatory,660
Establishment Hotel,Sydney CBD,Sydney,5.0,8.4,establishment,606
Pullman Sydney Airport,Mascot,Sydney,5.0,8.7,pullman-sydney-airport,701
SKYE Suites Green Square,Green Square,Sydney,5.0,9.0,skye-suites-green-square,970
Medusa Hotel Sydney,Darlinghurst,Sydney,5.0,9.0,medusa-sydney,306
Spicers Potts Point,Potts Point,Sydney,5.0,9.4,spicers-potts-point,323
Harbour Rocks Hotel Sydney – MGallery by Sofitel,Sydney CBD,Sydney,5.0,8.2,harbour-rocks,533
Shangri-La Sydney,Sydney CBD,Sydney,5.0,8.3,shangrila-sydney,8696
Sydney Central YHA,Sydney CBD,Sydney,5.0,8.2,sydney-central-yha,1335
Wake Up! Sydney Central,Sydney CBD,Sydney,5.0,8.6,wake-up-sydney-central,1194
"Meriton Suites Kent Street, Sydney",Sydney CBD,Sydney,5.0,8.5,meriton-serviced-apartment-kent-street,7794
"Meriton Suites World Tower, Sydney",Sydney CBD,Sydney,5.0,9.0,meriton-serviced-apartments-world-tower,3033
"Meriton Suites Campbell Street, Sydney",Sydney CBD,Sydney,5.0,8.9,meriton-serviced-apartments-campbell-street,5383
Meriton Suites North Sydney,North Sydney,Sydney,5.0,9.0,meriton-serviced-apartments-north-sydney,2900
"Meriton Suites Coward Street, Mascot",Mascot,Sydney,5.0,9.2,meriton-suites-sydney-airport,2079
Meriton Suites Waterloo,,Sydney,5.0,8.6,meriton-serviced-apartments-danks-street,2236
Meriton Suites Chatswood,Chatswood,Sydney,5.0,8.8,meriton-serviced-apartments-chatswood,3274
Panoramic views in luxurious brand new apartment,,Sydney,5.0,8.6,panoramic-views-in-luxurious-brand-new-apartment,61
"Meriton Suites Church Street, Parramatta",Parramatta,Sydney,5.0,8.6,meriton-serviced-apartments-phillip-lane,3918
Meriton Suites Bondi Junction,Bondi,Sydney,5.0,8.4,meriton-serviced-apartments-bondi-junction,3727
Meriton Suites Mascot Central,Mascot,Sydney,5.0,9.1,msa-mascot,3012
Meriton Suites Zetland,,Sydney,5.0,9.0,serviced-apartments-zetland,1222
"Meriton Suites Pitt Street, Sydney",Sydney CBD,Sydney,5.0,8.3,meriton-serviced-apartments-pitt-street,2042
Meriton Suites North Ryde,North Ryde,Sydney,5.0,9.0,meriton-servcied-apartments-north-ryde,1871
Pullman Sydney Olympic Park,Sydney Olympic Park,Sydney,5.0,8.3,pullman-at-sydney-olympic-park,1032
Park Hyatt Sydney,Sydney CBD,Sydney,5.0,9.1,park-hyatt-sydney,338
21 Sorrell Shared Apartment,Parramatta,Sydney,5.0,8.4,21-sorrell,58
Rydges World Square,Sydney CBD,Sydney,4.5,8.5,avillion-sydney,4108
The Ultimo,Sydney CBD,Sydney,4.0,8.5,aarons-sydney,2325
The Lurline Randwick,Randwick,Sydney,4.0,8.5,randwick-lodge,1263
Perouse Randwick by Sydney Lodges,Randwick,Sydney,4.0,8.3,perouse-lodge,525
Metro Hotel Marlow Sydney Central,Sydney CBD,Sydney,4.0,7.7,metro-sydney-central,1206
Metro Aspire Hotel Sydney,Ultimo,Sydney,4.0,8.6,aspire-sydney-formerly-aspen,1217
The Grace Hotel,Sydney CBD,Sydney,4.0,8.6,the-grace,7199
Great Southern Hotel Sydney,Sydney CBD,Sydney,4.0,8.2,great-southern,5231
Travelodge Hotel Sydney Martin Place,Sydney CBD,Sydney,4.0,8.3,travelodge-phillip-street,1843
Megaboom City Hotel,Sydney CBD,Sydney,4.0,8.3,megaboom-city,1569
Vibe Hotel North Sydney,North Sydney,Sydney,4.5,8.5,vibe-north-sydney-north-sydney,1752
Novotel Sydney Darling Harbour,Sydney CBD,Sydney,4.0,8.2,sydney-darling-harbour,3116
Quest Macquarie Park,North Ryde,Sydney,4.0,8.2,quest-macquaurie-park,1194
Hyde Park Inn,Sydney CBD,Sydney,4.0,8.3,hyde-park-inn,2991
Travelodge Hotel Sydney Wynyard,Sydney CBD,Sydney,4.0,8.2,travelodge-wynyard,4006
Adina Apartment Hotel Sydney Town Hall,Sydney CBD,Sydney,4.5,8.1,adina-sydney,1114
A by Adina Sydney,Sydney CBD,Sydney,4.5,8.9,a-by-adina-sydney,826
Mercure Sydney Parramatta,Parramatta,Sydney,4.0,7.5,parramatta,2656
Rydges Sydney Airport Hotel,Mascot,Sydney,4.5,8.3,rydges-sydney-airport,5648
Royal Pacific Hotel,Lane Cove,Sydney,4.0,7.9,punt-hill-north-shore-sydney,655
"Adina Apartment Hotel Sydney, Darling Harbour",Sydney CBD,Sydney,4.5,8.4,medina-grand-harbourside,1998
Travelodge Hotel Sydney Airport,Mascot,Sydney,4.0,8.4,travelodge-sydney-airport,4064
Vibe Hotel Sydney Darling Harbour,Sydney CBD,Sydney,4.5,8.4,vibe-sydney-darling-harbour,2413
Kirketon Hotel Sydney,Darlinghurst,Sydney,4.0,7.4,kirketon-sydney,1256
Oaks Sydney Goldsbrough Suites,Pyrmont,Sydney,4.0,7.8,oaks-goldsborough-apartments-darling-harbour,4299
Rydges Parramatta,Parramatta,Sydney,4.5,8.1,rydges-parramatta,3182
Rendezvous Hotel Sydney The Rocks,Sydney CBD,Sydney,4.0,8.0,rendezvous-stafford-at-the-rocks,1768
YEHS Hotel Sydney QVB,Sydney CBD,Sydney,4.0,8.4,sydney-qvb,2775
The Urban Newtown,Newtown,Sydney,4.0,8.2,the-uban,995
Vulcan Hotel Sydney,Ultimo,Sydney,4.0,8.3,vulcan,541
"Holiday Inn Express Sydney Macquarie Park, an IHG Hotel",North Ryde,Sydney,4.0,8.6,holiday-inn-express-sydney-macquarie-park,859
Rydges Camperdown,Camperdown,Sydney,4.0,8.5,rydges-camperdown,1562
Novotel Sydney Central,Sydney CBD,Sydney,4.0,8.2,novotel-sydney-central,865
Central Studio Hotel Sydney,Sydney CBD,Sydney,4.0,8.4,rendezvous-sydney-central,1162
"Crowne Plaza Sydney Darling Harbour, an IHG Hotel",Sydney CBD,Sydney,4.0,8.6,crowne-plaza-sydney-darling-harbour,1368
Mantra Parramatta,Parramatta,Sydney,4.0,7.7,mantra-parramatta,1498
57Hotel,Surry Hills,Sydney,4.0,8.2,57hotel,1285
Milson Serviced Apartments,,Sydney,3.5,8.4,milson-executive-apartments,277
Novotel Sydney Darling Square,Sydney CBD,Sydney,4.0,8.5,novotel-sydney-darling-square,1604
Quest Manly,Manly,Sydney,4.0,8.7,quest-manly,463
Rydges Sydney Harbour,Sydney CBD,Sydney,4.0,8.1,old-sydney-holiday-inn,3863
Quality Inn Sunshine Haberfield,,Sydney,4.0,8.6,quality-inn-sunshine-haberfield,385
Adina Apartment Hotel Sydney Surry Hills,Surry Hills,Sydney,4.5,8.5,adina-crown-street,879
"Holiday Inn Darling Harbour, an IHG Hotel",Sydney CBD,Sydney,4.0,8.1,holiday-inn-darling-harbour,1858
"Castlereagh Boutique Hotel, Ascend Hotel Collection",Sydney CBD,Sydney,4.0,7.9,castlereagh-boutique,989
Oaks Sydney Castlereagh Suites,Sydney CBD,Sydney,4.0,7.6,oaks-on-castlereagh-sydney,2616
"Holiday Inn Parramatta, an IHG Hotel",Parramatta,Sydney,4.0,8.2,courtyard-by-marriott-parramatta,1241
Adina Apartment Hotel Coogee Sydney,Coogee,Sydney,4.0,8.5,adina-coogee,1219
Adina Apartment Hotel Chippendale,,Sydney,4.0,8.7,adina-chippendale,346
Novotel Sydney Brighton Beach,Brighton Le Sands,Sydney,4.0,7.5,brighton-beach,2057
Travelodge Hotel Manly Warringah Sydney,Brookvale,Sydney,4.0,8.3,travelodge-manly-warringah,1717
Rydges Sydney Central,Sydney CBD,Sydney,4.5,8.2,rydges-sydney-central,2278
Coogee Sands Hotel & Apartments,Coogee,Sydney,4.0,8.7,coogee-sands-apartments,1210
"West Hotel Sydney, Curio Collection by Hilton",Sydney CBD,Sydney,4.5,8.6,west-sydney,970
Stay at Hotel Steyne,Manly,Sydney,4.0,7.4,steyne,993
Veriu Central,Sydney CBD,Sydney,4.5,7.9,sydney-central-on-wentworth,2504
Quest North Sydney,North Sydney,Sydney,4.0,8.8,quest-north-sydney,926
"Four Points by Sheraton Sydney, Central Park",Chippendale,Sydney,4.0,8.9,four-points-by-sheraton-sydney-central-park,405
Mercure Sydney,Sydney CBD,Sydney,4.0,8.1,sydney,1826
Quest Chatswood,Chatswood,Sydney,4.0,8.2,quest-chatswood,520
Regents Court Sydney,Potts Point,Sydney,4.0,8.4,regents-court-apartments,508
CKS Sydney Airport Hotel,,Sydney,4.5,7.8,airport-sydney-international-inn,2239
Oaks Sydney Hyde Park Suites,Sydney CBD,Sydney,4.0,7.2,oaks-hyde-park-plaza,1711
Vibe Hotel Sydney,Sydney CBD,Sydney,4.5,8.3,vibe-sydney,1508
PARKROYAL Parramatta,Parramatta,Sydney,4.5,8.5,parkroyal-parramatta,2629
Citadines Connect Sydney Airport,Mascot,Sydney,4.0,8.9,felix,4213
The Sydney Boulevard Hotel,Woolloomooloo,Sydney,4.0,8.3,bayview-boulevard-sydney,710
Best Western Plus Camperdown Suites,Camperdown,Sydney,4.0,8.6,adara-parramatta-camperdown,113
Haven Glebe,Glebe,Sydney,4.0,8.4,thehaveninn,976
Studio 8 Residences - Adults Only,Ryde,Sydney,4.0,9.1,studio-8-residences,654
Hotel St Leonards,St Leonards,Sydney,4.5,6.6,st-leonards,138
KULA Mascot Station Free Parking,Mascot,Sydney,3.5,8.1,stay-co-mascot-station,182
"PARKROYAL Darling Harbour, Sydney",Sydney CBD,Sydney,4.5,8.4,park-royal-darling-harbour,1994
Mrs Banks Hotel,Paddington,Sydney,4.0,9.2,mrs-banks,479
Manor Boutique Hotel Sydney,Darlinghurst,Sydney,4.5,7.7,manor-house-boutique-darlinghurst,741
YEHS Hotel Sydney Harbour Suites,Sydney CBD,Sydney,4.0,8.4,sydney-harbour-suites,1258
View Sydney,North Sydney,Sydney,4.0,8.5,north-sydney-harbourview,3563
Veriu Randwick,Randwick,Sydney,4.0,8.3,central-randwick-suites,353
Comfort Inn & Suites Burwood,Burwood,Sydney,4.0,7.3,comfort-inn-suites-burwood,457
Macleay Hotel,Potts Point,Sydney,4.0,8.4,macleay-serviced-apartment,1400
Ballantyne at Mosman - Serviced Apartments,Mosman,Sydney,4.0,7.7,ballantyne-at-mosman-serviced-apartments,84
"Holiday Inn Express Sydney Airport, an IHG Hotel",Mascot,Sydney,4.0,8.6,holiday-inn-express-sydney-airport,1496
The Miller Hotel North Sydney - Formerly Rydges North Sydney,North Sydney,Sydney,4.0,7.5,rydges-north-sydney,393
Quest St Leonards,St Leonards,Sydney,4.0,8.8,quest-st-leonards,1004
Novotel Sydney Parramatta,Parramatta,Sydney,4.0,7.4,novotel-parramatta,1157
Park Regis Concierge Apartments,Cremorne,Sydney,4.0,8.3,park-regis-concierge-apartments,449
"Holiday Inn & Suites - Parramatta Marsden Street, an IHG Hotel",Parramatta,Sydney,4.0,8.5,holiday-inn-suites-parramatta,722
Travelodge Hotel Macquarie North Ryde Sydney,North Ryde,Sydney,4.0,8.3,travelodge-macquarie-north-ryde,1001
Metro Inn Ryde,Ryde,Sydney,4.0,7.9,metro-inn-ryde,728
Nesuto Chippendale,Chippendale,Sydney,4.0,7.9,chippendale,262
Seasons Darling Harbour,Sydney CBD,Sydney,4.0,6.8,seasons-darling-harbour,364
Adina Apartment Hotel Bondi Beach Sydney,Bondi,Sydney,4.0,8.6,adina-apartment-bondi-beach,867
175 One Hotels and Apartments,Parramatta,Sydney,4.0,8.6,175,618
Adina Apartment Hotel Sydney Airport,Mascot,Sydney,4.5,8.4,adina-apartment-sydney-airport,948
Manly Pacific Sydney,Manly,Sydney,4.0,7.6,manly-pacific-sydney,1299
Veriu Broadway,Ultimo,Sydney,4.5,8.8,veriu-broadway,657
Quality Apartments Camperdown,Camperdown,Sydney,4.0,6.9,adara-camperdown,645
APX World Square,Sydney CBD,Sydney,4.0,7.1,quest-world-square,1877
The Hughenden Boutique Hotel,Sydney Eastern Suburbs,Sydney,4.0,8.3,the-hughenden-boutique,702
Veriu Camperdown,Camperdown,Sydney,4.5,8.4,veriu-camperdown,278
Bondi 38 Serviced Apartments,Bondi,Sydney,4.0,8.8,bondi-38-serviced-apartments,292
Greenwich Inn Motel,St Leonards,Sydney,4.0,7.4,greenwich-inn-motel,578
Quest at Sydney Olympic Park,Sydney Olympic Park,Sydney,4.5,7.5,quest-at-sydney-olympic-park,1044
Quest Mascot,Mascot,Sydney,4.5,8.2,quest-serviced-apartments-sydney-airport,773
"Holiday Inn Sydney Airport, an IHG Hotel",Mascot,Sydney,4.0,8.2,holiday-inn-sydney-airport,695
The York by Swiss-Belhotel,Sydney CBD,Sydney,4.5,8.3,the-york-by-swiss-belhotel,1470
Nesuto Parramatta,Parramatta,Sydney,4.0,8.1,nesuto-parramatta,1234
Avonmore On The Park Boutique Hotel,Randwick,Sydney,4.0,8.8,avonmore-on-the-park-boutique,367
Novotel Sydney International Airport,,Sydney,4.0,8.1,sydney-airport,844
"Crowne Plaza Sydney Coogee Beach, an IHG Hotel",Coogee,Sydney,4.0,8.4,crowne-plaza-coogee-beach,1826
The Tank Stream,Sydney CBD,Sydney,4.0,8.6,the-tank-stream,1175
Silkari Suites at Chatswood,Chatswood,Sydney,4.5,8.7,silkari-suites,767
The Albert Mosman,Mosman,Sydney,4.0,8.8,the-albert-mosman,561
Crown Hotel Surry Hills,Surry Hills,Sydney,4.0,8.1,the-crown,273
The General Gordon,,Sydney,4.0,9.0,the-general-gordon,78
Q Station,Manly,Sydney,4.0,8.1,q-station-retreat,764
Oaks Sydney North Ryde Suites,,Sydney,4.0,7.6,north-ryde-apartments,313
APX Darling Harbour,Sydney CBD,Sydney,4.0,6.9,apx-darling-harbour,1142
Strathfield Executive Accommodation,,Sydney,4.0,8.2,strathfield-executive-accommodation,617
Napoleon On Kent,Sydney CBD,Sydney,4.0,7.3,napoleon-on-kent,1269
Glasgow Arms Hotel Ultimo,Ultimo,Sydney,4.0,7.8,glasgow-arms,239
The Blenheim,Randwick,Sydney,4.0,8.0,the-blenheim,511
Watsons Bay Boutique Hotel,Watsons Bay,Sydney,4.0,8.8,watsons-bay,598
KULA Macquarie Park University FREE PARKING close to MQ Hospital,North Ryde,Sydney,3.5,8.4,stay-amp-co-macquarie-park-university,75
Space Q Capsule Hotel,Sydney CBD,Sydney,4.0,7.4,space-q-capsule,1421
The Capsule Hotel,Sydney CBD,Sydney,4.0,7.7,the-capsule,1206
Big Backpackers Hostel,Sydney CBD,Sydney,4.0,8.1,big,1113
Mad Monkey Backpackers on Broadway,Chippendale,Sydney,4.0,7.9,mad-monkey-backpackers-on-broadway,521
Coogee Bay Boutique Hotel,Coogee,Sydney,4.0,8.8,coogee-bay,415
Airport Hotel Sydney (Formerly Comfort Hotel Sydney Airport),,Sydney,4.0,5.0,alure-sydney-airport-hotel,948
"Hotel Harry, Ascend Hotel Collection",Surry Hills,Sydney,4.0,7.3,econo-lodge-sydney-south,133
Annam Serviced Apartments,Potts Point,Sydney,4.0,8.5,annam-apartments,223
Darling Harbour Getaway,Sydney CBD,Sydney,3.5,9.4,darling-harbour-getaway,50
Aiden by Best Western @ Darling Harbour,Sydney CBD,Sydney,4.0,8.6,aiden-by-best-western-darling-harbour,217
Novotel Sydney Olympic Park,Sydney Olympic Park,Sydney,4.0,8.2,sydney-olympic-park,1051
Mantra Hotel at Sydney Airport,Mascot,Sydney,4.0,8.3,mantra-at-sydney-airport,1569
Dive Hotel,Coogee,Sydney,4.0,7.7,dive,485
"KULA Crows Nest - Close to shops, Royal North Shore Hospital & Mater Hospital",,Sydney,3.5,8.1,staynco-crows-nest-close-to-shops-amp-royal-north-shore-hospital,56
Grande Esplanade Studio,Manly,Sydney,4.0,9.3,grande-esplanade-studio-sydney,80
MGSM Executive Hotel & Conference Centre,North Ryde,Sydney,4.0,8.3,mgsm-executive-amp-conference-centre,1107
Mad Monkey Coogee Beach,Coogee,Sydney,4.0,7.3,surfside-coogee-beach,99
Gardenview Partio Home in Sydney Olympic Park,Sydney Olympic Park,Sydney,3.5,8.1,sydney-olympic-park-sydney-olympic-park12,64
The Sebel Sydney Manly Beach,Manly,Sydney,4.0,7.8,the-sebel-manly-beach,563
Mantra Sydney Central,Sydney CBD,Sydney,4.0,8.1,breakfree-on-george,776
Mantra 2 Bond Street,Sydney CBD,Sydney,4.0,8.4,mantra-2-bond-street,1237
Mantra Chatswood,Chatswood,Sydney,4.0,8.1,mantra-chatswood,521
Cremorne Point Manor,,Sydney,4.0,8.7,cremorne-point-manor,753
Paxsafe Sydney Hyde Park Private Apartments,Sydney CBD,Sydney,4.0,6.8,paxsafe-sydney-hyde-park-views-1005,155
Wentworth Hotel,,Sydney,4.0,6.0,wentworth-homebush,174
The Sebel Sydney Chatswood,Chatswood,Sydney,4.0,7.4,the-sebel-residence-chatswood,278
"Carnarvon Lodge Kirribilli, Sydney",Kirribilli,Sydney,4.0,6.8,carnarvon-lodge-kirribilli-sydney,115
APX Parramatta,Parramatta,Sydney,4.0,6.5,apx-apartments-parramatta-sydney,1014
Boardrider Backpackers and Budget Motel,Manly,Sydney,4.0,7.0,boardrider-backpackers-and-budget-motel,177
Radisson Hotel & Suites Sydney,Sydney CBD,Sydney,4.0,8.7,radisson-suites-sydney,942
The Bayswater Sydney,Potts Point,Sydney,3.5,7.9,the-bayswater-sydney,397
Travelodge Hotel Sydney,Sydney CBD,Sydney,3.5,7.8,travelodge-sydney,4326
High Cross Randwick by Sydney Lodges,Randwick,Sydney,3.0,8.5,high-cross-park-lodge,321
Accommodation Sydney - Hyde Park Plaza,Sydney CBD,Sydney,2.5,7.8,accommodation-sydney-hyde-park-plaza,298
ibis budget Sydney Airport,Mascot,Sydney,3.0,7.1,ibis-budget-sydney-airport,7307
Park Regis City Centre,Sydney CBD,Sydney,3.5,7.2,park-regis-city-centre,2685
Sydney Boutique Hotel,Darlinghurst,Sydney,3.0,6.9,sydney-boutique,515
Eastwood Furnished Apartments,Ryde,Sydney,2.5,8.1,eastwood-furnished-apartments,185
Westside Motor Inn,,Sydney,3.5,7.2,westside-motor-inn,313
ibis Sydney Darling Harbour,Sydney CBD,Sydney,3.0,7.8,ibis-sydney-darling-harbour,3172
Charrington Hotel,Chatswood,Sydney,3.5,8.2,charrington,485
ibis Budget - St Peters,,Sydney,3.0,7.0,ibis-budget-st-peters,2189
Royal Hotel Ryde,Ryde,Sydney,3.0,7.6,royal-ryde,183
Song Hotel Sydney,Sydney CBD,Sydney,3.5,7.8,ywcas,2547
Metro Apartments On Darling Harbour,Sydney CBD,Sydney,3.5,7.7,metro-apartments-on-darling-harbour,962
Devere Hotel,Potts Point,Sydney,3.5,7.2,devere,631
ibis budget Sydney East,Darlinghurst,Sydney,3.0,7.8,ibis-budget-sydney-east,1477
ibis Sydney Airport,Mascot,Sydney,3.0,7.9,ibis-sydney-airport,2012
Hotel 59 Sydney,Rushcutters Bay,Sydney,3.0,8.2,hotel-59-sydney,188
ibis Sydney World Square,Sydney CBD,Sydney,3.0,7.6,ibis-world-square,1362
St Marks Randwick,Randwick,Sydney,3.0,8.8,st-marks-randwick,305
The North Shore Hotel,North Sydney,Sydney,3.0,7.7,the-north-shore,381
Value Suites Green Square,Green Square,Sydney,3.5,8.4,value-suites-green-square,1195
Discover The Rocks - Historical Terrace House,Sydney CBD,Sydney,2.5,8.6,56c-gloucester-street-the-rocks1,74
Town and Country Motel,,Sydney,3.5,6.9,town-and-country-motel,201
Cityview Studio Accommodation,,Sydney,3.0,7.3,cityview-studio-accommodation-sydney,376
Garden Lodge Sydney Hotel,,Sydney,3.5,7.5,garden-lodge-sydney,720
Marco Polo Motor Inn Sydney,Summer Hill,Sydney,3.5,6.8,marco-polo-motor-inn,540
Sydney Crecy Hotel,Darlinghurst,Sydney,3.0,7.6,sydney-crecy,380
Granville Hotel,Parramatta,Sydney,3.0,7.0,granville,286
Royal Exhibition Hotel,Surry Hills,Sydney,3.5,7.8,royal-exhibition,927
Hotel Kith Darling Harbour,Sydney CBD,Sydney,3.0,7.8,metroresidences-darling-habour,575
Sydney Airport Suites,Mascot,Sydney,2.5,7.5,aea-sydney-airport-serviced-apartments,371
Parramatta City Motel,Parramatta,Sydney,3.5,7.5,parramatta-city-motel,290
Coogee Prime Lodge,Clovelly,Sydney,3.0,7.9,coogee-prime-lodge,229
North Ryde Guesthouse,North Ryde,Sydney,3.5,7.7,north-ryde-guest-house,230
AeA The Coogee View,Coogee,Sydney,3.0,7.9,aea-the-coogee-view,327
Liberty Plains Motor Inn,,Sydney,3.5,7.0,liberty-plains-motor-inn,391
The Erko Hotel,,Sydney,3.0,7.5,the-erko,188
Orange Stay Sydney CBD,Sydney CBD,Sydney,2.5,7.5,orange-stay-sydney-cbd,64
Mary MacKillop Place,North Sydney,Sydney,3.5,8.9,mary-mackillop-place,417
Bridgeview Hotel Willoughby,,Sydney,3.0,8.1,bridgeview-willoughby,169
Greenacre Hotel,,Sydney,3.0,7.3,greenacre,452
Neutral Bay Lodge,,Sydney,3.0,8.1,neutral-bay-lodge,385
Nesuto Woolloomooloo,Woolloomooloo,Sydney,3.0,8.5,nesuto-woolloomooloo,378
Mariners Court Hotel,Woolloomooloo,Sydney,3.5,8.4,mariners-court,1236
Manly Paradise Motel & Apartments,Manly,Sydney,3.5,8.2,manly-paradise-motel-apartments,830
Edgecliff Lodge Motel,Sydney Eastern Suburbs,Sydney,3.0,7.6,edgecliff-lodge-motel,636
ibis Budget - Enfield,,Sydney,3.0,7.6,ibis-budget-enfield,1276
Glenferrie Lodge,Kirribilli,Sydney,3.0,8.3,glenferrie-lodge,965
Highfield Private Hotel,Potts Point,Sydney,3.0,6.7,highfield,305
Arena Hotel (formerly Sleep Express Motel),,Sydney,3.0,7.1,sleep-express-motel,616
The Maisonette,Potts Point,Sydney,3.0,8.2,the-maisonette,227
Hotel Bondi,Bondi,Sydney,3.0,8.2,bondi-sydney,1638
790 on George Backpackers,Sydney CBD,Sydney,3.0,7.7,on-george-backpackers,393
Nomads Sydney,Sydney CBD,Sydney,3.0,7.2,base-sydney,1036
Hotel Hacienda,,Sydney,3.0,7.4,y-city-south,848
Springfield Lodge,Potts Point,Sydney,3.5,8.3,springfield,626
Mercantile Hotel,Sydney CBD,Sydney,3.0,7.7,mercantile,780
Southend Hotel,Maroubra,Sydney,3.0,8.0,sands,318
Lotus Stay Manly - Apartment 297,Manly,Sydney,3.5,7.1,air-conditioned-apartment,64
Parkside Apartments Parramatta,Parramatta,Sydney,3.5,8.2,parkside-apartments,58
Avoca Randwick by Sydney Lodges,Randwick,Sydney,3.0,8.6,avoca-lodge,293
Marine Parade,Manly,Sydney,2.5,8.2,marine-parade,108
The Jolly Swagman Sydney,Potts Point,Sydney,3.5,7.6,the-jolly-swagman-backpackers-hostel-sydney,395
Oasis on Beamish Hotel,Campsie,Sydney,3.0,7.3,oasis-on-beamish-campsie,153
Markets Hotel,,Sydney,3.0,8.0,markets,455
Bert's Backpackers,Sydney Eastern Suburbs,Sydney,3.0,7.0,the-captain-cook,88
Dalziel Lodge,North Sydney,Sydney,3.0,7.9,dalziel-lodge,334
Hump Backpackers,Potts Point,Sydney,3.0,7.2,hump-backpackers,332
ibis Budget Sydney Olympic Park,Sydney Olympic Park,Sydney,3.0,7.0,ibis-budget-olympic-park,2749
Manly Bunkhouse,Manly,Sydney,3.5,8.2,manly-bunkhouse,148
ibis Sydney Olympic Park,Sydney Olympic Park,Sydney,3.0,8.2,ibisolympic,1116
Western Sydney University Village - Parramatta,Parramatta,Sydney,3.0,7.5,uws-village,77
Parkview Modern Apartment w Parking @ Olympic Park,Sydney Olympic Park,Sydney,2.5,8.1,parkview-modern-apartment-w-parking-olympic-park,51
Linley House,,Sydney,3.0,8.8,linley-house,63
Burwood Bed and Breakfast,Burwood,Sydney,3.0,6.0,burwood-bed-and-breakfast,98
Fiori Apartments,Parramatta,Sydney,3.0,6.5,fiori-apartments,1426
Lotus Stay Manly - Apartment 31C,Manly,Sydney,2.5,7.8,lotus-stay-manly-apartment-631,68
Hurstville Ritz Hotel,,Sydney,3.0,6.1,hurstville-ritz,188
Metro Apartments on King,Sydney CBD,Sydney,3.0,6.6,metro-apartments-on-king,213
UNO Hotel Sydney,Potts Point,Sydney,3.5,5.6,lido-suites,220
Lotus Stay Manly - Apartment 31B,Manly,Sydney,3.5,7.1,lotus-stay-manly-apartment-331-manly,64
Criterion Hotel Sydney,Sydney CBD,Sydney,3.0,7.0,the-criterion,248
Sydney Central Inn,Sydney CBD,Sydney,3.0,7.4,sydney-central-hostel,286
Lotus Stay Manly - Apartment 292,Manly,Sydney,3.5,7.5,manly-beach-escape-apartment,64
Manly Waves Studios & Apartments,Manly,Sydney,3.5,6.5,manly-waves-studios,212
Sandy Bottoms Guesthouse,Manly,Sydney,3.0,6.2,manly-guest-house,193
Manly Beachfront Apartment,Manly,Sydney,3.5,7.4,beachfront-manly,128
The Village Surry Hills,Surry Hills,Sydney,3.0,6.1,alfred-park-accommodation,597
Sydney Backpackers,Sydney CBD,Sydney,3.0,6.5,sydney-backpackers,764
Comfort Hotel Sydney City (formerly City Lodge Hotel),Sydney CBD,Sydney,3.0,6.6,city-lodge,294
Stunning Views Sydney Olympic Park,Sydney Olympic Park,Sydney,2.5,8.8,stunning-views-sydney-olympic-park,64
